Step,owner,cplots,income,trees,rentin,hhsize,full,draft,wealth,expenses,livestock,tract,rentout,X,Y
0,24,5,791258.0,0,0,9.0,0,0.0,52347.20000000007,61083.86666666666,0.0,0,0,22,30
0,5,5,983494.0,0,0,17.0,0,2.0,24599.614425123553,34330.43656692266,0.0,0,0,24,30
0,21,13,2076712.0,0,0,13.0,0,1.0,417548.7999999998,106848.24615384616,0.0,0,0,24,70
0,18,16,2677950.0,0,0,23.0,0,4.0,194056.0,79033.47826086957,31.0,0,0,25,58
0,16,21,3661444.0,2,0,22.0,0,4.0,486641.6000000001,110584.83636363635,3.0,0,0,29,63
0,11,10,1447076.0,0,0,10.0,0,2.0,297846.0,91824.5,34.0,0,0,32,62
0,3,15,2436032.0,2,0,16.0,0,4.0,153948.80000000005,101976.2,6.0,0,0,32,64
0,9,8,1015138.0,0,0,13.0,0,2.0,129899.20000000007,55083.2923076923,2.0,0,0,35,56
0,19,18,3094066.0,2,0,28.0,0,1.0,456846.3999999999,75158.55714285714,0.0,0,0,38,29
0,30,63,9362832.0,2,0,86.0,0,11.0,493428.7999999998,74717.43255813954,12.0,0,0,38,54
0,0,44,7100436.0,1,0,80.0,0,4.0,797446.4000000004,61553.27,60.0,0,0,39,60
0,39,27,4564642.0,2,0,35.0,0,5.0,567764.8000000003,87879.57714285713,10.0,0,0,42,22
0,26,8,1059358.0,0,0,11.0,0,2.0,285251.2000000002,67146.79999999999,7.0,0,0,44,32
0,31,8,1194798.0,0,0,16.0,0,2.0,67099.20000000007,52804.924999999996,10.0,0,0,44,33
0,36,13,2308270.0,0,0,20.0,0,2.0,236016.00000000023,78148.09999999999,1.0,0,0,47,51
0,4,10,1616376.0,0,0,17.0,0,3.0,21406.0,62048.529411764706,0.0,0,0,48,68
0,12,8,1111256.0,0,0,18.0,0,2.0,151518.40000000002,44375.2,5.0,0,0,52,35
0,7,4,967672.0,0,0,7.0,0,0.0,153428.80000000005,91371.88571428572,0.0,0,0,56,31
0,25,11,2050530.0,0,0,10.0,0,1.0,236752.0,134631.8,1.0,0,0,57,52
0,20,10,1904730.0,0,0,20.0,0,3.0,146263.6000000001,62141.869999999995,10.0,0,0,60,55
0,43,8,1483152.0,0,0,9.0,0,2.0,241956.80000000005,109210.13333333333,8.0,0,0,62,23
0,37,8,1483152.0,0,0,16.0,0,2.0,206956.80000000005,63618.2,0.0,0,0,63,55
0,29,13,2596624.0,0,0,20.0,0,2.0,375873.6000000001,86798.72,0.0,0,0,63,60
0,6,6,1067036.0,0,0,10.0,0,0.0,0.0,39417.80186362319,0.0,0,0,64,39
0,42,8,1285454.0,0,0,8.0,0,2.0,345201.6,107409.05,3.0,0,0,64,43
0,1,4,679318.0,0,0,7.0,0,0.0,13571.199999999953,66655.82857142857,0.0,0,0,66,34
0,40,6,835478.0,0,0,9.0,0,2.0,197699.19999999995,64698.53333333333,3.0,0,0,66,65
0,46,1,111940.0,0,0,7.0,0,0.0,24776.00000000003,19737.714285714283,0.0,0,0,67,27
0,8,2,257740.0,0,0,4.0,0,0.0,29264.0,46661.0,0.0,0,0,68,46
0,13,25,4527536.0,2,0,25.0,0,4.0,804934.3999999999,119660.864,130.0,0,0,69,55
0,35,9,1595092.0,0,0,11.0,0,2.0,280732.80000000005,96914.10909090909,0.0,0,0,70,34
0,15,20,3221828.0,0,0,35.0,0,4.0,420778.7999999998,60231.32,20.0,0,0,70,68
0,2,6,1191552.0,0,0,6.0,0,2.0,255980.80000000005,130155.2,6.0,0,0,71,23
0,17,13,2066352.0,0,0,32.0,0,2.0,128908.80000000005,45994.1,4.0,0,0,71,29
0,32,3,369680.0,0,0,6.0,0,0.0,68040.00000000006,44967.99999999999,0.0,0,0,71,34
0,22,18,1045280.0,0,0,10.0,0,4.0,940112.0,78516.8,13.0,0,0,73,22
0,14,26,4158886.0,0,0,45.0,0,2.0,548614.4000000004,63918.479999999996,3.0,0,0,74,30
0,38,18,1125820.0,0,0,34.0,0,4.0,852328.0,28043.882352941175,6.0,0,0,75,30
0,34,10,1707032.0,0,0,9.0,0,2.0,299508.3999999999,118802.06666666667,1.0,0,0,77,41
0,44,8,884548.0,0,0,7.0,0,2.0,475819.20000000007,87675.54285714285,64.0,0,0,78,32
0,27,7,981278.0,0,0,7.0,0,1.0,208187.20000000007,95109.54285714285,0.0,0,0,78,37
0,41,36,5317608.0,2,0,42.0,0,6.0,177621.77723790053,64466.492044210725,50.0,0,0,79,46
0,10,8,1024858.0,0,0,14.0,0,2.0,70955.20000000007,52351.057142857135,4.0,0,0,80,36
0,23,7,952880.0,0,0,9.0,0,2.0,54992.0,73192.0,0.0,0,0,81,43
0,28,6,937058.0,0,0,4.0,0,1.0,77835.20000000007,154558.69999999998,0.0,0,0,83,50
0,33,2,223880.0,0,0,6.0,0,0.0,49552.00000000003,29387.999999999996,0.0,0,0,88,64
1,24,5,983494.0,0,0,9.0,0,0.0,146524.4800000001,74056.08,0.0,0,0,22,30
1,5,6,723538.0,0,0,17.0,0,2.0,36931.045770049444,31404.856979710243,0.0,0,0,24,30
1,21,13,2048314.0,2,0,14.0,0,1.0,356373.1199999999,110679.83428571429,0.0,0,0,24,70
1,18,16,2836326.0,2,0,23.0,0,4.0,446204.7999999998,84053.44347826087,31.0,0,0,25,58
1,16,21,3503864.0,8,0,24.0,0,4.0,597762.2400000002,104762.64,3.0,0,0,29,63
1,11,10,1582516.0,0,0,11.0,0,2.0,218832.80000000005,107565.2,34.0,0,0,32,62
1,3,15,2668386.0,8,0,16.0,0,4.0,160985.91999999993,110837.555,7.0,0,0,32,64
1,9,8,1583837.0,0,0,14.0,0,0.0,716528.813557094,8913.801452545784,0.0,0,0,35,55
1,19,18,2811970.0,8,0,28.0,0,1.0,388234.56000000006,75046.06571428571,0.0,0,0,38,29
1,30,63,10945746.0,8,0,86.0,0,11.0,1196545.92,84808.19627906977,12.0,0,0,38,54
1,0,44,7835122.0,1,0,85.0,0,4.0,1204671.3600000003,65935.77694117647,60.0,0,0,39,60
1,39,27,4633158.0,8,0,35.0,0,5.0,742285.1200000001,94158.67657142859,10.0,0,0,42,22
1,26,8,1228658.0,0,0,12.0,0,2.0,533407.6536034808,47925.9567004351,5.0,0,0,44,32
1,31,8,1613130.0,0,0,17.0,0,2.0,195127.68000000017,64302.20705882354,10.0,0,0,44,33
1,36,13,2302808.0,2,0,22.0,0,2.0,431905.6000000001,74240.65454545454,1.0,0,0,47,51
1,4,10,2063106.0,0,0,17.0,0,3.0,311352.80000000005,78571.01176470588,0.0,0,0,48,68
1,12,9,1453859.0,0,0,18.0,0,2.0,205674.95999999996,58512.579999999994,5.0,0,0,51,34
1,7,5,447760.0,0,0,7.0,0,0.0,169475.51999999996,56530.46857142858,0.0,0,0,56,31
1,25,11,1915090.0,2,0,10.0,0,1.0,452604.7999999998,134110.52000000002,1.0,0,0,57,52
1,20,11,1673172.0,0,0,22.0,0,3.0,152172.81084514037,41725.7825576232,10.0,0,0,60,55
1,43,8,1223196.0,2,0,9.0,0,2.0,282077.1199999999,102676.85333333335,8.0,0,0,62,23
1,37,8,1223196.0,2,0,16.0,0,2.0,233077.12,58630.73,0.0,0,0,63,55
1,29,13,1912874.0,2,0,22.0,0,2.0,492855.04000000004,67420.3890909091,0.0,0,0,63,60
1,6,6,1191552.0,0,0,10.0,0,0.0,211980.80000000005,76493.12,0.0,0,0,64,39
1,42,8,1064820.0,2,0,8.0,0,2.0,186848.64,110751.62000000001,3.0,0,0,64,43
1,1,5,837694.0,0,0,8.0,0,0.0,139526.08000000007,68844.88999999998,0.0,0,0,66,34
1,40,6,937058.0,0,0,9.0,0,2.0,107914.88,80650.48,3.0,0,0,66,65
1,46,1,297000.0,0,0,7.0,0,0.0,31878.399999999994,32580.8,0.0,0,0,67,27
1,8,2,387718.0,0,0,4.0,0,0.0,31300.800000000047,67547.29999999999,0.0,0,0,68,46
1,13,25,3663270.0,8,0,27.0,0,4.0,749325.7600000002,104293.43111111112,130.0,0,0,69,55
1,35,9,1368996.0,2,0,11.0,0,2.0,284075.52,94985.20727272728,0.0,0,0,70,34
1,15,20,3289548.0,2,0,35.0,0,4.0,464514.71999999974,68605.60228571428,20.0,0,0,70,68
1,2,6,739360.0,2,0,7.0,0,2.0,211472.32000000007,90314.92571428571,6.0,0,0,71,23
1,17,14,2499611.0,0,0,32.0,0,2.0,392123.9199999999,54284.74625,4.0,0,0,71,29
1,32,3,533518.0,0,0,6.0,0,0.0,33299.19999999995,65155.8,0.0,0,0,71,34
1,22,18,922470.0,0,0,10.0,0,4.0,820032.8,116754.92,12.0,0,0,73,22
1,14,26,4514960.0,0,0,45.0,0,2.0,707341.7599999998,72514.32533333334,3.0,0,0,74,30
1,38,18,1244344.0,0,0,36.0,0,4.0,798614.1725649901,14525.590523541256,0.0,0,0,75,30
1,34,10,1514796.0,2,0,9.0,0,2.0,298073.76,125953.62666666665,1.0,0,0,77,41
1,44,8,591238.0,0,0,7.0,0,2.0,276330.8800000001,96462.04571428572,64.0,0,0,78,32
1,27,7,1178976.0,0,0,7.0,0,1.0,165217.28000000014,123899.70285714287,0.0,0,0,78,37
1,41,36,6431410.0,2,0,42.0,0,6.0,701232.7108951597,99414.73967482716,50.0,0,0,79,46
1,10,8,1233512.0,0,0,15.0,0,2.0,46650.88000000012,57178.688,4.0,0,0,80,36
1,23,7,1501190.0,0,0,10.0,0,2.0,180508.80000000005,98370.92,0.0,0,0,81,43
1,28,6,1225412.0,0,0,5.0,0,1.0,219826.88000000012,161389.66400000002,0.0,0,0,83,50
1,33,3,594000.0,0,0,6.0,0,0.0,103756.80000000005,69355.2,0.0,0,0,88,64
2,24,5,723538.0,0,0,9.0,0,0.0,187532.99199999997,63004.165333333345,0.0,0,0,22,30
2,5,6,970592.0,0,0,17.0,0,2.0,17021.2183080198,40559.63690953115,0.0,0,0,24,29
2,21,13,2314528.0,8,0,14.0,0,1.0,289072.4480000001,119467.19085714286,0.0,0,0,24,70
2,18,16,2424252.0,8,0,25.0,0,4.0,108093.00056003872,58813.58003360231,31.0,0,0,25,58
2,16,21,3103510.0,11,0,24.0,0,4.0,541552.8960000002,97531.806,3.0,0,0,29,63
2,11,10,1966988.0,0,0,12.0,0,2.0,368704.32000000007,114291.03999999998,34.0,0,0,32,62
2,3,15,2166452.0,11,0,17.0,0,4.0,203007.1680000003,87144.86776470586,8.0,0,0,32,64
2,9,8,1355746.0,0,0,14.0,0,0.0,536097.9254228377,93811.77772387545,0.0,0,0,35,55
2,19,18,2863808.0,8,0,30.0,0,1.0,396033.02399999974,70040.8512,0.0,0,0,38,29
2,30,63,9715576.0,16,0,86.0,0,11.0,1692680.768000001,81131.08316279069,12.0,0,0,38,54
2,0,44,7021394.0,7,0,90.0,0,4.0,510862.1440000003,59840.43573333333,66.0,0,0,39,60
2,39,27,4068966.0,12,0,35.0,0,5.0,358392.44799999986,87478.59062857143,13.0,0,0,42,22
2,26,8,1709248.0,0,0,12.0,0,2.0,453270.26144139236,117132.78268017403,5.0,0,0,44,32
2,31,9,1189336.0,2,0,18.0,0,2.0,266633.47200000007,51148.78933333334,10.0,0,0,44,33
2,36,13,1828476.0,8,0,24.0,0,2.0,227672.64000000013,61509.54,1.0,0,0,47,51
2,4,10,1317098.0,2,0,18.0,0,3.0,356056.32000000007,59281.693333333336,0.0,0,0,48,68
2,12,9,1568940.0,0,0,18.0,0,2.0,273369.9840000002,64153.831999999995,5.0,0,0,51,34
2,7,5,1338028.0,0,0,7.0,0,0.0,320673.40800000005,134214.58742857142,0.0,0,0,56,32
2,25,11,1474618.0,8,0,11.0,0,1.0,213069.11999999988,110121.24363636364,1.0,0,0,57,52
2,20,11,1568706.0,2,0,22.0,0,3.0,187531.5243380561,51933.05847759474,10.0,0,0,61,55
2,43,8,1234916.0,2,0,10.0,0,2.0,202149.24800000014,96019.58719999998,8.0,0,0,62,23
2,37,8,1234916.0,2,0,17.0,0,2.0,147549.24800000014,56811.52188235294,0.0,0,0,63,55
2,29,13,1930056.0,2,0,22.0,0,2.0,257188.41599999997,71079.392,0.0,0,0,63,60
2,6,6,739360.0,2,0,10.0,0,0.0,178872.32000000007,62080.448,0.0,0,0,64,39
2,42,8,1590990.0,2,0,9.0,0,2.0,212339.45600000024,123522.576,3.0,0,0,64,43
2,1,5,631648.0,0,0,9.0,0,0.0,201637.63199999998,56411.60533333334,0.0,0,0,66,34
2,40,6,1225412.0,0,0,9.0,0,2.0,211858.75199999998,93888.45866666666,3.0,0,0,66,65
2,46,1,241918.0,0,0,8.0,0,0.0,15858.560000000027,25534.73,0.0,0,0,67,27
2,8,2,353858.0,0,0,4.0,0,0.0,80403.52000000002,62773.82000000001,0.0,0,0,68,46
2,13,25,4076644.0,8,0,27.0,0,4.0,624123.9040000001,112243.77244444443,130.0,0,0,69,55
2,35,9,1476834.0,2,0,11.0,0,2.0,241055.80799999996,101049.61018181818,0.0,0,0,70,34
2,15,20,3425784.0,8,0,35.0,0,4.0,440847.48800000036,71690.83519999999,20.0,0,0,70,68
2,2,6,1011036.0,2,0,7.0,0,2.0,99355.32799999998,109786.42742857143,6.0,0,0,71,23
2,17,15,2066382.0,0,0,34.0,0,2.0,396922.36800000025,48385.398588235286,4.0,0,0,71,29
2,32,4,595776.0,0,0,6.0,0,0.0,114310.08000000002,67907.51999999999,0.0,0,0,71,34
2,22,18,464494.0,0,0,10.0,0,4.0,588810.72,82071.60800000001,11.0,0,0,73,22
2,14,26,4317262.0,2,0,48.0,0,4.0,326077.5040000002,67807.54699999999,3.0,0,0,74,30
2,38,18,1087330.0,0,0,38.0,0,2.0,676074.4336990231,19450.306593382487,0.0,0,0,75,30
2,34,10,1718752.0,2,0,10.0,0,2.0,294762.304,126009.5456,1.0,0,0,77,41
2,44,8,758048.0,0,0,7.0,0,2.0,503751.552,93661.04685714286,63.0,0,0,78,32
2,27,7,1337352.0,0,0,7.0,0,1.0,289555.71200000006,133791.6525714286,0.0,0,0,78,37
2,41,36,6182670.0,8,0,45.0,0,6.0,462669.08435806446,96785.36947860214,56.0,0,0,79,46
2,10,8,1164754.0,0,0,15.0,0,2.0,186749.95200000005,53456.1952,4.0,0,0,80,36
2,23,7,1043536.0,0,0,11.0,0,2.0,327297.92000000004,71766.08,0.0,0,0,81,43
2,28,6,835478.0,2,0,6.0,0,1.0,248629.95200000005,110530.48800000001,0.0,0,0,83,50
2,47,1,0.0,0,0,7.0,0,0.0,0.0,10142.857142857141,0.0,0,0,88,30
2,33,3,663170.0,0,0,6.0,0,0.0,107618.71999999997,81692.68000000001,0.0,0,0,88,63
3,24,6,791258.0,0,0,10.0,0,0.0,102360.39679999999,63727.45952,0.0,0,0,22,30
3,5,7,1295274.5,0,0,17.0,0,2.0,163446.28732320806,51316.31946969481,0.0,0,0,24,29
3,21,13,1908712.0,10,0,15.0,0,1.0,375977.77919999976,92911.37792,0.0,0,0,24,70
3,18,16,2509950.0,8,0,25.0,0,4.0,96093.20022401563,67833.03201344093,32.0,0,0,25,58
3,16,21,3648886.0,11,0,24.0,0,4.0,257239.55839999998,109760.97240000001,6.0,0,0,28,62
3,3,15,2424932.0,11,0,18.0,0,4.0,313711.66720000026,92597.97226666668,8.0,0,0,31,64
3,11,10,1447076.0,2,0,12.0,0,2.0,407328.128,95789.016,34.0,0,0,32,62
3,9,8,1193014.0,2,0,14.0,0,0.0,292656.7701691352,79104.7968038359,0.0,0,0,35,55
3,19,18,3166966.0,8,0,32.0,0,1.0,580419.6096000001,71806.23169999999,0.0,0,0,37,30
3,30,63,9211732.0,21,0,91.0,0,11.0,1374061.1072000004,76897.22704175825,12.0,0,0,38,54
3,0,44,7117936.0,7,0,90.0,0,4.0,782791.2576000001,55858.65429333333,66.0,0,0,39,60
3,39,27,4524084.0,14,0,35.0,0,5.0,211898.57919999957,88699.59625142858,16.0,0,0,43,22
3,26,8,1059358.0,0,0,12.0,0,2.0,220716.304576557,80631.41307206961,5.0,0,0,44,32
3,31,9,1453616.0,2,0,18.0,0,2.0,181619.7888000002,62341.649066666665,10.0,0,0,44,33
3,36,13,2140270.0,8,0,26.0,0,2.0,177885.0560000001,59644.83015384615,1.0,0,0,47,51
3,4,10,1560376.0,2,0,19.0,0,3.0,131428.92800000007,65518.915368421054,0.0,0,0,48,68
3,12,9,1600912.5,0,0,18.0,0,2.0,313236.99360000016,67476.0828,5.0,0,0,51,34
3,7,5,1147006.0,0,0,8.0,0,0.0,270599.76320000004,115075.9556,0.0,0,0,56,32
3,25,11,1882530.0,8,0,11.0,0,1.0,205779.64800000004,119305.40654545453,1.0,0,0,57,52
3,20,12,2028064.0,2,0,24.0,0,3.0,188778.20973522263,60389.88810845141,10.0,0,0,61,55
3,43,8,1483152.0,2,0,10.0,0,2.0,285816.49919999996,106118.07488000001,8.0,0,0,62,23
3,37,9,1483152.0,2,0,17.0,0,2.0,228976.49919999996,62554.161694117654,0.0,0,0,63,55
3,29,13,2596624.0,2,0,22.0,0,2.0,416748.96640000027,82831.24770909091,0.0,0,0,63,60
3,6,6,1011036.0,2,0,11.0,0,0.0,66315.32800000021,69904.09018181817,0.0,0,0,64,39
3,42,8,1285454.0,8,0,10.0,0,2.0,248137.38240000012,94867.60736000001,3.0,0,0,64,43
3,1,5,858652.0,0,0,10.0,0,0.0,73127.8528,68617.37792,0.0,0,0,66,34
3,40,7,835478.0,2,0,10.0,0,2.0,225442.7008,67840.20512,3.0,0,0,66,65
3,46,1,111940.0,0,0,9.0,0,0.0,6119.423999999999,13519.904000000002,0.0,0,0,67,27
3,8,2,257740.0,0,0,4.0,0,0.0,53425.408000000025,55721.528,0.0,0,0,68,46
3,13,25,4600436.0,10,0,29.0,0,6.0,463743.96160000004,113094.34284137932,130.0,0,0,69,56
3,17,16,2707692.5,0,0,34.0,0,2.0,370721.9472000003,59787.3212,4.0,0,0,70,29
3,35,9,1595092.0,8,0,11.0,0,2.0,201155.12320000003,105153.5168,0.0,0,0,70,34
3,15,20,3053828.0,8,0,37.0,0,4.0,767560.6568972254,13211.918522860486,14.0,0,0,70,68
3,2,6,1191552.0,2,0,7.0,0,2.0,266722.9312,115649.19954285714,6.0,0,0,71,23
3,22,18,1045280.0,0,0,11.0,0,4.0,973636.2880000001,94132.22109090908,8.0,0,0,73,22
3,14,26,4102886.0,8,0,48.0,0,5.0,147645.40160000045,60362.04380000001,3.0,0,0,74,30
3,38,18,1125820.0,0,0,41.0,0,1.0,765757.773479609,31369.18683461985,0.0,0,0,75,30
3,34,10,1707032.0,2,0,10.0,0,2.0,412413.72160000005,125107.65824,1.0,0,0,77,41
3,44,8,884548.0,0,0,8.0,0,2.0,131527.8208000001,109122.4664,63.0,0,0,78,32
3,27,7,981278.0,2,0,7.0,0,1.0,268009.4848000001,113928.60388571428,0.0,0,0,78,37
3,41,36,5222508.0,8,0,45.0,0,6.0,799630.8337432258,80802.3611247742,56.0,0,0,79,46
3,10,8,1024858.0,0,0,15.0,0,2.0,108655.18079999997,53464.318080000005,4.0,0,0,80,36
3,23,7,952880.0,0,0,12.0,0,2.0,142911.16800000006,69008.896,0.0,0,0,81,43
3,28,6,881058.0,2,0,7.0,0,1.0,115887.18080000009,101830.39588571429,0.0,0,0,83,50
3,47,1,0.0,0,0,8.0,0,0.0,0.0,5000.0,0.0,0,0,88,30
3,33,4,535660.5,2,0,7.0,0,0.0,140651.68799999997,60138.218857142856,0.0,0,0,88,63
4,48,1,0.0,0,0,6.0,0,0.0,0.0,11000.0,0.0,0,0,12,85
4,24,6,1165744.0,0,0,10.0,0,0.0,172597.75872000004,81086.26380799999,0.0,0,0,21,30
4,21,13,2068130.0,10,0,15.0,0,1.0,370671.1116800001,102764.31116799999,0.0,0,0,23,71
4,5,8,1055816.0,2,0,17.0,0,2.0,197380.91492928332,48032.78661140734,0.0,0,0,24,29
4,18,16,2912142.0,8,0,25.0,0,4.0,455346.0800896066,77197.64480537637,32.0,0,0,25,57
4,16,21,4207409.5,14,0,26.0,0,4.0,361419.6233600001,108030.36288615383,10.0,0,0,28,61
4,3,15,3338519.0,11,0,19.0,0,4.0,742944.26688,120333.6000168421,8.0,0,0,31,66
4,11,10,1526516.0,2,0,12.0,0,2.0,235225.6512000002,101692.2064,34.0,0,0,32,62
4,9,8,1527837.0,2,0,14.0,0,0.0,258061.5080676542,83021.16157867722,0.0,0,0,35,55
4,19,18,3560835.0,10,0,32.0,0,3.0,329209.8438400002,82648.52393,0.0,0,0,36,32
4,30,63,11719851.0,21,0,91.0,0,11.0,723440.8428800004,91333.4864210989,22.0,0,0,38,53
4,0,44,8156947.0,7,0,90.0,0,4.0,1302539.3030399997,64598.25505066667,66.0,0,0,39,60
4,39,27,5318611.5,16,0,37.0,0,7.0,476120.03168,94683.94723027026,16.0,0,0,44,22
4,26,8,2512323.5,0,0,12.0,0,2.0,608563.921830623,141651.99022882784,5.0,0,0,44,32
4,31,9,1764814.0,2,0,18.0,0,2.0,296609.51552000013,69881.12629333333,10.0,0,0,44,33
4,36,13,2378624.0,8,0,26.0,0,2.0,446979.6224,63996.36283076923,1.0,0,0,47,51
4,4,10,2063106.0,2,0,21.0,0,3.0,335361.9712,67700.99794285715,0.0,0,0,48,68
4,12,9,1603887.0,0,0,19.0,0,2.0,325373.59744000016,65540.75769263158,5.0,0,0,51,34
4,7,5,759540.5,2,0,9.0,0,0.0,176961.10528000002,73676.01754666667,0.0,0,0,56,32
4,25,11,2031973.0,10,0,11.0,0,1.0,481969.0592,127059.23534545454,1.0,0,0,56,52
4,43,8,1299012.0,2,0,11.0,0,2.0,347947.39968000003,91445.19086545454,8.0,0,0,61,23
4,20,12,2138292.5,8,0,24.0,0,3.0,340696.28389408905,63176.767743380566,10.0,0,0,61,54
4,37,10,1450894.0,8,0,17.0,0,2.0,215964.19968000008,64289.54703058823,0.0,0,0,63,56
4,29,13,1988690.0,8,0,22.0,0,3.0,177531.58655999997,70602.8809018182,0.0,0,0,63,60
4,6,6,1191552.0,2,0,11.0,0,0.0,233506.93120000022,73610.94516363637,0.0,0,0,64,39
4,42,8,972636.0,8,0,10.0,0,2.0,129149.35296000005,78246.402944,3.0,0,0,64,42
4,1,6,1149474.5,0,0,11.0,0,0.0,219400.9411200001,71687.40106181818,0.0,0,0,66,34
4,40,7,1198913.5,2,0,11.0,0,2.0,160094.4803200001,82692.15640727272,3.0,0,0,66,66
4,46,1,145800.0,0,0,9.0,0,0.0,0.0,15127.9616,0.0,0,0,67,27
4,35,9,1276812.0,10,0,11.0,0,2.0,215370.84928000008,85616.38853818181,0.0,0,0,68,34
4,8,2,387718.0,0,0,5.0,0,0.0,35965.36320000002,57937.20896,0.0,0,0,68,46
4,2,6,813718.0,8,0,8.0,0,2.0,128512.37248000002,86033.06984,6.0,0,0,69,22
4,17,17,3148286.5,0,0,36.0,0,2.0,612827.3788800002,63650.14078666667,4.0,0,0,70,29
4,32,4,714310.0,0,0,7.0,0,0.0,76543.05280000006,80149.79702857144,0.0,0,0,70,34
4,13,25,4357593.0,14,0,29.0,0,6.0,436578.7846400002,104751.79920551724,134.0,0,0,70,55
4,15,20,3365364.0,8,0,37.0,0,4.0,276553.86275889026,72020.39984157663,17.0,0,0,70,68
4,22,18,922470.0,0,0,11.0,0,4.0,828442.5152,108423.97934545456,7.0,0,0,73,22
4,14,26,4346960.0,8,0,48.0,0,5.0,214754.16064000037,61182.567520000004,5.0,0,0,74,30
4,38,18,1244344.0,0,0,41.0,0,0.0,849040.7093918438,34416.12351433574,0.0,0,0,75,30
4,34,10,1590612.0,2,0,11.0,0,2.0,391562.2886399999,114255.9484509091,1.0,0,0,76,41
4,44,8,591238.0,2,0,9.0,0,2.0,100614.32832000009,53184.388053333336,63.0,0,0,78,32
4,27,7,1122976.0,2,0,8.0,0,0.0,521126.8035939112,63336.275673858334,0.0,0,0,78,37
4,41,36,6954285.0,8,0,45.0,0,6.0,394186.3334972905,108385.54444990968,62.0,0,0,79,46
4,10,8,1233512.0,0,0,16.0,0,2.0,56730.872319999966,55331.26928,4.0,0,0,80,36
4,23,8,1501190.0,0,0,13.0,0,2.0,200676.46720000007,80881.59236923077,0.0,0,0,81,43
4,28,6,1225412.0,2,0,7.0,0,1.0,225047.67232000013,119968.50121142858,0.0,0,0,83,50
4,33,5,703483.5,2,0,8.0,0,0.0,120330.07519999996,68310.1391,0.0,0,0,87,63
4,47,1,0.0,0,0,8.0,0,0.0,0.0,5000.0,0.0,0,0,88,30
5,48,1,0.0,0,0,7.0,0,0.0,0.0,5000.0,0.0,0,0,12,85
5,21,13,2996568.0,10,0,15.0,0,1.0,702607.6446720003,139689.5644672,0.0,0,0,20,71
5,24,6,1041393.5,0,0,10.0,0,0.0,266444.503488,77839.4755232,0.0,0,0,21,30
5,5,8,1387443.5,2,0,17.0,0,2.0,194281.76597171335,60934.97935044529,0.0,0,0,23,29
5,18,16,3139826.0,10,0,27.0,0,4.0,751268.8320358428,84892.71289088014,32.0,0,0,23,56
5,16,21,5349379.0,14,0,28.0,0,4.0,1381363.4493439998,127374.25621485716,10.0,0,0,27,62
5,3,15,4423497.5,11,0,19.0,0,4.0,1509608.706752,168150.7926383158,8.0,0,0,31,67
5,11,10,1966988.0,2,0,12.0,0,2.0,375261.4604800001,115110.68256,34.0,0,0,32,62
5,9,8,1355746.0,8,0,15.0,0,0.0,207711.0032270616,69552.30032270617,0.0,0,0,35,55
5,19,18,5118070.5,10,0,32.0,0,6.0,514128.137536,107136.506447,0.0,0,0,36,32
5,30,63,12557636.5,21,0,91.0,0,11.0,2811262.9371519983,92567.54292008792,22.0,0,0,37,52
5,0,44,7726769.0,11,0,90.0,0,4.0,638159.3212160002,65195.38868693333,74.0,0,0,39,60
5,26,8,1709248.0,0,0,13.0,0,3.0,228332.76873224927,111975.93485372105,5.0,0,0,44,32
5,39,27,6461176.0,20,0,37.0,0,11.0,573810.4126720009,117496.69240562161,16.0,0,0,45,23
5,31,9,1491506.5,8,0,18.0,0,2.0,254262.40620800015,64603.867184,10.0,0,0,45,33
5,36,13,2551340.0,10,0,26.0,0,2.0,624847.8489599996,74191.99128615385,1.0,0,0,47,48
5,4,10,1394372.0,8,0,21.0,0,3.0,5318.5884799999185,54420.97060571429,0.0,0,0,49,69
5,12,9,1568940.0,0,0,21.0,0,2.0,61566.989669334376,41645.92783352388,5.0,0,0,51,34
5,25,11,2105563.0,12,0,11.0,0,1.0,589192.8236799999,146138.11232000001,1.0,0,0,54,50
5,7,6,1489516.42,2,0,10.0,0,0.0,369263.01011199993,104988.65151679999,0.0,0,0,56,32
5,20,12,1658772.0,8,0,26.0,0,3.0,486435.5287974621,33352.04973831514,9.0,0,0,60,54
5,43,8,1763866.0,2,0,11.0,0,2.0,435077.3598719998,120189.82180072727,8.0,0,0,61,23
5,37,10,1957328.5,8,0,18.0,0,2.0,301005.07987200026,77443.08998933333,0.0,0,0,63,56
5,29,13,2291006.0,8,0,22.0,0,3.0,275439.0346240001,72323.75236072726,0.0,0,0,63,60
5,6,6,818092.0,2,0,11.0,0,0.0,241975.5724800001,62359.94170181819,0.0,0,0,64,40
5,42,8,2119940.0,8,0,10.0,0,2.0,395839.7411839999,139945.3611776,3.0,0,0,64,42
5,1,6,952541.0,2,0,11.0,0,0.0,270284.7764480001,68924.10587927273,0.0,0,0,65,34
5,40,8,1378752.0,2,0,12.0,0,2.0,279066.5921280001,81942.324016,3.0,0,0,66,66
5,46,1,241918.0,0,0,10.0,0,0.0,0.0,19515.08,0.0,0,0,67,27
5,35,9,1949784.0,10,0,12.0,0,2.0,397753.9397120003,113257.742464,0.0,0,0,68,34
5,8,2,353858.0,0,0,6.0,0,0.0,72269.34528000001,43982.33632,0.0,0,0,68,46
5,2,6,1368948.5,8,0,8.0,0,2.0,204336.34899199998,117309.56543599999,6.0,0,0,69,22
5,17,18,2855433.0,2,0,38.0,0,3.0,395504.1515520001,59762.00598231579,4.0,0,0,69,29
5,32,5,910594.0,0,0,7.0,0,0.0,198874.82111999998,89611.74738285715,0.0,0,0,70,34
5,13,25,6277944.0,14,0,31.0,0,6.0,484545.1138560008,134958.50550916127,141.0,0,0,70,55
5,15,20,4189472.0,8,0,37.0,0,6.0,301138.3451035563,77422.04101771172,17.0,0,0,70,68
5,22,18,464494.0,0,0,11.0,0,4.0,587174.60608,75523.80992,6.0,0,0,73,22
5,14,26,4390162.0,10,0,48.0,0,5.0,658202.4642559998,62561.45200800001,5.0,0,0,73,29
5,38,18,1087330.0,0,0,41.0,0,0.0,0.0,33337.13233256356,0.0,0,0,75,30
5,34,10,2247702.0,2,0,11.0,0,2.0,538737.7154560001,148959.87028945453,1.0,0,0,76,41
5,44,8,702048.0,2,0,10.0,0,2.0,496855.67592317215,30778.35138847582,60.0,0,0,78,32
5,27,7,1337352.0,2,0,9.0,0,0.0,421919.5214375644,128898.58690626075,0.0,0,0,78,37
5,41,36,7139484.0,13,0,48.0,0,6.0,610576.1333989166,99170.87916871613,69.0,0,0,79,47
5,10,8,1164754.0,0,0,17.0,0,2.0,180781.94892799994,48111.23078776471,4.0,0,0,80,36
5,23,8,1364429.0,2,0,14.0,0,2.0,367062.18688000005,72075.94859428571,0.0,0,0,82,44
5,28,6,956856.5,2,0,8.0,0,1.0,126426.66892800003,93642.81292400001,0.0,0,0,84,52
5,47,1,0.0,0,0,9.0,0,0.0,0.0,5000.0,0.0,0,0,88,30
5,33,5,971506.0,2,0,8.0,0,0.0,227582.43007999996,86887.70563999999,0.0,0,0,88,64
6,48,1,0.0,0,0,7.0,0,0.0,0.0,5000.0,0.0,0,0,12,85
6,21,13,4147685.5,13,0,15.0,0,4.0,658981.2578688003,199011.72578688004,0.0,0,0,19,71
6,24,6,944598.0,0,0,10.0,0,0.0,195261.00139520003,77662.55020928,0.0,0,0,21,30
6,5,9,1632322.5,2,0,18.0,0,2.0,302337.7063886854,65886.80886572377,0.0,0,0,23,29
6,18,16,4685512.0,10,0,27.0,0,4.0,1338588.3328143372,125817.35182301875,32.0,0,0,23,56
6,16,21,7546154.5,14,0,30.0,0,4.0,2497071.1797376005,183550.35898688,10.0,0,0,27,62
6,11,10,1524350.0,8,0,13.0,0,2.0,323860.5841920001,92674.37509907693,34.0,0,0,31,60
6,3,15,6283838.0,11,0,21.0,0,4.0,864914.6827007998,227669.9059072,20.0,0,0,31,67
6,9,8,1099372.0,8,0,16.0,0,0.0,141845.20129082468,54015.61262101481,0.0,0,0,35,53
6,19,18,6327946.0,12,0,32.0,0,6.0,739049.6550144004,133288.8900788,9.0,0,0,36,32
6,49,1,153340.0,0,0,6.0,0,0.0,46336.00000000003,26333.999999999996,0.0,0,0,36,71
6,30,63,14533889.0,27,0,91.0,0,11.0,1422356.7748608012,119363.63914605712,42.0,0,0,37,52
6,0,44,9068586.0,11,0,90.0,0,4.0,1613970.1284864005,69711.63547477333,74.0,0,0,39,60
6,39,27,8694279.0,20,0,40.0,0,11.0,2344143.765068801,144021.34119008,16.0,0,0,44,23
6,26,9,1059358.0,0,0,14.0,0,3.0,120741.30749289971,60186.74723138211,5.0,0,0,44,32
6,31,9,1783340.5,8,0,18.0,0,2.0,308561.1624832002,72920.09687359999,10.0,0,0,45,33
6,36,13,4331019.5,10,0,28.0,0,2.0,1203054.9395839996,111197.15747771427,1.0,0,0,47,48
6,4,10,3088602.625,8,0,21.0,0,3.0,592424.4853920001,93397.74895657142,0.0,0,0,49,69
6,12,10,1600912.5,0,0,21.0,0,2.0,213515.7958677339,52499.413990552406,5.0,0,0,51,34
6,25,11,4068131.5,12,0,11.0,0,1.0,1230469.7294720002,259035.8722007273,1.0,0,0,54,50
6,7,6,1470936.5,2,0,11.0,0,0.0,350947.8040447999,105374.51873338182,0.0,0,0,57,31
6,20,12,2874869.5,8,0,26.0,0,3.0,583402.011518985,82568.57758763373,9.0,0,0,60,54
6,43,8,2212914.0,2,0,12.0,0,2.0,593463.6160072759,128970.95200090946,8.0,0,0,61,23
6,42,8,2307621.5,8,0,10.0,0,2.0,608099.4964735999,167207.67447104,3.0,0,0,63,42
6,37,10,2846969.0,8,0,18.0,0,2.0,723565.6319487998,109932.46932906668,0.0,0,0,63,56
6,29,13,3326386.0,8,0,22.0,0,3.0,715954.0138496002,103231.59185338182,0.0,0,0,63,60
6,6,6,1546061.0,2,0,11.0,0,0.0,305566.6289919999,102529.26758981819,0.0,0,0,64,40
6,40,8,1297216.5,2,0,13.0,0,2.0,388189.2368512001,77751.52732898462,3.0,0,0,64,66
6,1,6,957648.0,2,0,12.0,0,0.0,130185.11057920009,66396.63882240001,0.0,0,0,65,34
6,35,9,2724103.0,10,0,12.0,0,2.0,850438.7758847999,161092.84698560002,0.0,0,0,65,36
6,46,1,111940.0,0,0,10.0,0,0.0,0.0,11716.4,0.0,0,0,67,27
6,32,5,676360.0,2,0,7.0,0,0.0,106853.92844799999,80020.12752457142,0.0,0,0,68,35
6,8,2,257740.0,0,0,6.0,0,0.0,40171.73811200002,38000.934528,0.0,0,0,68,46
6,2,6,1919658.0,8,0,9.0,0,2.0,589957.7395968002,146599.6232661333,6.0,0,0,69,22
6,17,19,3172646.5,2,0,41.0,0,4.0,147472.26062079985,57216.8388032,4.0,0,0,69,30
6,13,25,7841804.0,17,0,33.0,0,11.0,906459.6455424009,156388.16570647273,141.0,0,0,70,55
6,15,20,5385627.5,10,0,37.0,0,6.0,493754.3380414229,97217.8245151928,24.0,0,0,70,68
6,14,26,4791377.0,10,0,51.0,0,5.0,930891.7857024004,69112.69957948235,5.0,0,0,72,30
6,22,18,1045280.0,0,0,11.0,0,4.0,972981.8424320001,94042.97851345454,3.0,0,0,73,22
6,38,18,1125820.0,0,0,41.0,0,0.0,0.0,21475.414634146342,0.0,0,0,75,30
6,27,7,1055636.0,2,0,10.0,0,0.0,0.0,25776.694636388962,0.0,0,0,76,38
6,34,10,2436794.0,8,0,12.0,0,3.0,401908.6861824002,153776.5857728,1.0,0,0,76,41
6,44,8,884548.0,2,0,10.0,0,2.0,118769.47036926879,87884.22055539033,60.0,0,0,78,32
6,41,36,7648783.0,18,0,48.0,0,6.0,577303.6533595668,108241.98916748645,78.0,0,0,79,47
6,10,8,1024858.0,0,0,17.0,0,2.0,96267.97957120009,47551.998197458815,4.0,0,0,80,36
6,23,8,1051876.0,8,0,15.0,0,2.0,43415.274752,61757.5274752,0.0,0,0,82,44
6,28,6,2472318.455,2,0,8.0,0,1.0,698510.0495712,199905.88429460002,0.0,0,0,84,52
6,33,5,963174.0,2,0,9.0,0,0.0,253978.57203199994,84383.76200533332,0.0,0,0,87,66
6,47,1,0.0,0,0,10.0,0,0.0,0.0,5000.0,0.0,0,0,88,30
7,48,1,0.0,0,0,8.0,0,0.0,0.0,5000.0,0.0,0,0,12,85
7,21,13,5594297.5,15,0,16.0,0,4.0,1861339.5031475201,239497.95342008,0.0,0,0,19,71
7,24,6,1165744.0,0,0,11.0,0,0.0,0.0,13868.586425493362,0.0,0,0,21,30
7,5,9,1611447.0,8,0,18.0,0,2.0,242697.8825554743,68792.82354628951,0.0,0,0,23,30
7,18,16,6028410.0,12,0,27.0,0,4.0,785851.3331257356,168711.0740625408,43.0,0,0,23,56
7,16,21,9219764.5,14,0,30.0,0,4.0,2734774.2718950408,239336.71359475201,10.0,0,0,27,62
7,11,10,1890503.5,8,0,13.0,0,2.0,342433.6336768002,107201.41927040002,34.0,0,0,31,60
7,3,15,8337950.0,11,0,23.0,0,11.0,1193197.8730803197,245074.73085306433,20.0,0,0,31,67
7,19,18,7423141.0,14,0,32.0,0,6.0,812584.2620057603,158041.07478152,22.0,0,0,35,32
7,9,8,2053749.5,8,0,16.0,0,0.0,398101.8805163298,87334.80129840592,0.0,0,0,35,53
7,49,1,373500.0,0,0,7.0,0,0.0,71102.40000000002,40985.94285714286,0.0,0,0,36,71
7,30,63,18957162.0,27,0,97.0,0,11.0,4857683.50994432,131058.87901975751,42.0,0,0,37,52
7,0,44,10830847.0,11,0,90.0,0,4.0,954570.8513945593,87965.44752324268,88.0,0,0,39,60
7,39,27,11255492.0,22,0,43.0,0,11.0,1423770.3060275204,194762.35951258792,38.0,0,0,44,23
7,26,9,2697489.5,0,0,15.0,0,3.0,565808.3229971598,117729.232299716,5.0,0,0,44,32
7,31,9,2492542.0,8,0,18.0,0,2.0,638477.2649932802,98370.10541610669,10.0,0,0,45,33
7,36,13,5503172.0,10,0,28.0,0,7.0,846866.7758336002,148704.8629910857,1.0,0,0,47,48
7,4,10,2794524.0,8,0,21.0,0,3.0,812327.3941568001,101769.95672548571,0.0,0,0,49,69
7,12,10,1760539.0,0,0,21.0,0,2.0,338145.9183470935,61401.56559622097,5.0,0,0,51,34
7,25,11,5244487.0,14,0,11.0,0,6.0,437267.69178880006,358179.4579712,1.0,0,0,54,49
7,7,6,979404.0,8,0,11.0,0,0.0,166045.72161791986,77564.64385698909,0.0,0,0,56,29
7,20,13,3256733.0,10,0,28.0,0,5.0,537922.0046075946,87288.60738969252,9.0,0,0,59,55
7,43,8,2272362.0,2,0,13.0,0,4.0,4660.246402910678,137268.87458495118,8.0,0,0,61,23
7,35,9,3740509.5,12,0,12.0,0,5.0,705563.3103539199,234547.41379423998,0.0,0,0,63,36
7,42,8,4762645.74,8,0,11.0,0,2.0,1784138.0945894406,297949.74017128727,3.0,0,0,63,42
7,29,13,3270848.0,8,0,24.0,0,6.0,440076.8055398399,104670.05034624001,0.0,0,0,63,63
7,6,6,1924626.0,2,0,11.0,0,0.0,622437.0515967999,126646.87067229088,0.0,0,0,64,40
7,37,10,2835407.0,10,0,19.0,0,2.0,705919.0527795199,117388.6094299621,0.0,0,0,64,56
7,40,8,1884841.5,2,0,13.0,0,2.0,427732.29474048014,109909.11093159384,3.0,0,0,64,66
7,2,6,1973008.0,8,0,10.0,0,2.0,650706.2958387202,158777.94437580797,6.0,0,0,65,18
7,1,7,1333182.5,2,0,12.0,0,0.0,248875.0442316801,78168.38052896,0.0,0,0,65,34
7,46,1,145800.0,0,0,10.0,0,0.0,0.0,13748.0,0.0,0,0,67,27
7,17,20,3807883.5,2,0,41.0,0,5.0,396874.30424831994,62883.255033475114,4.0,0,0,68,29
7,32,5,1738204.5,2,0,7.0,0,0.0,402035.37137920014,163147.86529554284,0.0,0,0,68,35
7,8,2,387718.0,0,0,7.0,0,0.0,0.0,34042.51705215614,0.0,0,0,68,46
7,13,25,8805656.0,21,0,33.0,0,11.0,997890.2582169613,181583.92082804366,156.0,0,0,70,55
7,15,20,6480280.0,10,0,37.0,0,6.0,662997.7352165692,118092.44872499605,33.0,0,0,70,68
7,14,26,6648110.0,10,0,54.0,0,9.0,668512.7142809611,89211.13095224887,5.0,0,0,72,30
7,22,18,922470.0,0,0,12.0,0,4.0,823180.7369728,99772.59212160001,2.0,0,0,73,22
7,38,18,1244344.0,0,0,41.0,0,0.0,0.0,23209.91219512195,0.0,0,0,75,30
7,44,8,984814.0,8,0,10.0,0,2.0,135941.38814770756,71215.00822215612,60.0,0,0,76,33
7,27,7,1648888.5,2,0,10.0,0,0.0,254907.40000000002,103933.31,0.0,0,0,76,38
7,34,10,2395962.0,8,0,12.0,0,4.0,454500.2744729603,144893.53430912,1.0,0,0,76,41
7,41,36,9994933.0,18,0,51.0,0,6.0,866514.6613438269,129379.25474540665,89.0,0,0,79,47
7,10,8,1233512.0,0,0,17.0,0,2.0,46775.99182848004,51933.41104368941,4.0,0,0,80,36
7,23,8,1516898.0,8,0,16.0,0,2.0,90329.3099008,63511.74780319999,0.0,0,0,82,44
7,28,6,1953140.0,2,0,8.0,0,1.0,744188.0198284802,203873.75371784,0.0,0,0,84,52
7,33,5,1480705.5,2,0,9.0,0,0.0,417889.6288127999,120645.60480213333,0.0,0,0,87,66
7,47,1,0.0,0,0,11.0,0,0.0,0.0,5000.0,0.0,0,0,88,30
8,50,1,159964.0,0,0,6.0,0,0.0,48985.600000000006,26996.399999999998,0.0,0,0,12,73
8,48,1,0.0,0,0,8.0,0,0.0,0.0,5000.0,0.0,0,0,12,85
8,21,13,7580086.0,15,0,16.0,0,4.0,336040.2012590086,359053.45636803197,16.0,0,0,19,71
8,24,6,1041393.5,2,0,12.0,0,0.0,159405.3999999999,57069.675,0.0,0,0,21,30
8,5,9,2057024.0,8,0,19.0,0,2.0,416580.7530221897,77622.79629122552,0.0,0,0,23,30
8,18,16,7003590.0,12,0,27.0,0,4.0,1692196.5332502956,178098.69629168298,43.0,0,0,23,56
8,16,21,15580738.96,18,0,32.0,0,20.0,1225810.292758016,348415.873098032,10.0,0,0,27,62
8,9,8,2360264.5,10,0,17.0,0,0.0,367724.72146841115,67076.76954133037,0.0,0,0,31,51
8,11,10,2698406.0,8,0,13.0,0,2.0,705711.8534707204,145346.4446312369,34.0,0,0,31,60
8,3,16,9836772.5,11,0,23.0,0,11.0,3152648.1492321277,292738.3575586171,20.0,0,0,31,67
8,19,18,9487908.0,14,0,34.0,0,6.0,1070412.9048023047,186773.3928589252,39.0,0,0,35,32
8,49,1,317855.5,0,0,8.0,0,0.0,61923.16000000003,34171.8425,0.0,0,0,36,71
8,30,63,21252165.5,27,0,103.0,0,11.0,7882771.603977729,157096.20782491835,42.0,0,0,37,52
8,0,44,11285711.0,11,0,90.0,0,4.0,3006548.740557825,86601.87900929706,88.0,0,0,40,60
8,31,9,2668189.0,10,0,18.0,0,2.0,618996.505997312,115222.20883310934,10.0,0,0,43,35
8,26,9,2033178.5,0,0,15.0,0,4.0,277142.72919886396,108959.4729198864,5.0,0,0,44,32
8,39,27,13701070.0,25,0,46.0,0,11.0,1706828.122411009,202280.52573079374,63.0,0,0,45,24
8,36,14,6468188.0,12,0,30.0,0,13.0,220631.91033344064,151301.09551667198,1.0,0,0,47,47
8,4,10,2615177.0,11,0,21.0,0,5.0,232426.75766272005,102928.69697590858,0.0,0,0,50,72
8,12,11,1754106.0,0,0,23.0,0,2.0,313592.7673388375,59580.484826445914,5.0,0,0,51,34
8,25,11,8610920.16,17,0,11.0,0,14.0,615980.1407155208,498537.51918848,1.0,0,0,53,48
8,7,6,2214579.12,8,0,12.0,0,0.0,583089.9366471681,124031.24208089599,0.0,0,0,56,29
8,20,14,4154451.5,12,0,30.0,0,8.0,524297.4018430379,98847.47009215188,9.0,0,0,59,55
8,43,9,4230215.5,2,0,14.0,0,4.0,1269302.2985611646,186494.674845839,8.0,0,0,61,23
8,1,7,1160785.5,8,0,13.0,0,0.0,43529.21769267216,70061.255887616,0.0,0,0,62,35
8,35,9,5552100.0,12,0,13.0,0,5.0,177031.52433529613,80039.17588484188,0.0,0,0,63,36
8,42,8,5242088.0,8,0,11.0,0,8.0,192295.43783577625,388248.6960685149,3.0,0,0,63,42
8,29,14,4669071.5,8,0,24.0,0,6.0,446683.3222159357,132728.707638496,7.0,0,0,63,63
8,6,6,1791442.0,8,0,12.0,0,0.0,441071.62063871976,125693.95257984,0.0,0,0,64,40
8,37,10,6311251.91,10,0,19.0,0,7.0,983556.3851118088,226594.87250882693,0.0,0,0,64,56
8,40,8,2432066.5,2,0,13.0,0,2.0,748787.5178961924,136990.71360340677,3.0,0,0,64,66
8,2,6,5055503.125,8,0,10.0,0,7.0,627835.7683354882,347372.5652503232,6.0,0,0,65,18
8,46,1,241918.0,0,0,10.0,0,0.0,0.0,19515.08,0.0,0,0,67,27
8,17,20,3456577.0,8,0,44.0,0,5.0,283916.521699328,57547.06323974981,6.0,0,0,68,30
8,32,5,1231487.0,2,0,8.0,0,0.0,398768.9485516801,127514.17785344001,0.0,0,0,68,35
8,8,2,353858.0,0,0,7.0,0,0.0,52883.20000000001,35330.68571428571,0.0,0,0,68,46
8,13,25,11861455.5,21,0,35.0,0,11.0,1297474.3032867843,225445.92728371936,176.0,0,0,70,55
8,15,20,8097572.0,10,0,40.0,0,12.0,1003955.8940866282,136408.54602824853,33.0,0,0,70,68
8,14,26,7620532.0,12,0,54.0,0,14.0,851853.8857123842,97100.49682534402,5.0,0,0,71,30
8,22,18,464494.0,0,0,13.0,0,4.0,575069.8947891201,64431.141706436916,1.0,0,0,73,22
8,38,18,1087330.0,0,0,41.0,0,0.0,0.0,20912.146341463413,0.0,0,0,75,30
8,44,8,957566.0,8,0,11.0,0,2.0,507402.9552590831,64645.8575353295,59.0,0,0,76,33
8,27,7,2065458.0,2,0,10.0,0,0.0,601674.1600000001,144221.92399999997,0.0,0,0,76,38
8,34,10,3235752.0,8,0,12.0,0,4.0,329132.9097891841,189512.613723648,6.0,0,0,76,41
8,10,9,1164754.0,0,0,18.0,0,2.0,171799.9967313921,45384.33306094933,4.0,0,0,80,36
8,41,36,11070504.0,22,0,54.0,0,14.0,1244915.464537532,137633.54068159807,89.0,0,0,80,47
8,23,8,1540604.0,10,0,17.0,0,2.0,378393.3239603201,62562.35211414588,0.0,0,0,82,46
8,28,6,1930206.5,8,0,9.0,0,1.0,33684.92227727873,92503.32037954644,0.0,0,0,84,52
8,33,5,1781515.75,2,0,10.0,0,0.0,415332.15152512025,136964.322728768,0.0,0,0,87,66
8,47,1,0.0,0,0,11.0,0,0.0,0.0,5000.0,0.0,0,0,88,30
9,50,1,385740.0,0,0,6.0,0,0.0,82058.23999999999,48472.56,0.0,0,0,12,73
9,48,1,0.0,0,0,8.0,0,0.0,0.0,5000.0,0.0,0,0,12,85
9,21,13,11889103.205,18,0,16.0,0,15.0,1012957.3625036031,463442.8777347128,16.0,0,0,19,71
9,24,7,888598.0,2,0,12.0,0,0.0,120045.35999999999,57400.16999999999,0.0,0,0,21,30
9,5,9,2569384.75,8,0,19.0,0,2.0,761082.201208876,99293.64746385862,0.0,0,0,23,30
9,18,16,12297774.58,14,0,29.0,0,4.0,621833.445300119,294447.6782051785,68.0,0,0,23,56
9,16,22,18324392.565,20,0,32.0,0,20.0,1049401.1431032065,371566.3035829628,45.0,0,0,27,62
9,11,10,2772002.0,11,0,13.0,0,4.0,175415.5413882886,165509.87016018707,34.0,0,0,29,61
9,9,8,3336483.5,10,0,18.0,0,0.0,1090695.2885873648,128473.60738228037,0.0,0,0,31,51
9,3,17,15055652.04,13,0,23.0,0,11.0,5464165.075692851,479999.1353712728,20.0,0,0,32,67
9,19,18,11192656.75,16,0,36.0,0,6.0,4012447.861920922,209384.49424670506,39.0,0,0,35,32
9,49,1,153340.0,0,0,8.0,0,0.0,37105.264000000025,21144.737,0.0,0,0,36,71
9,30,63,24140806.0,31,0,109.0,0,11.0,3259727.041591093,181276.57396684986,94.0,0,0,37,51
9,0,44,13569998.5,11,0,95.0,0,4.0,1461890.8962231297,109693.98257194416,111.0,0,0,40,60
9,31,9,5962135.82,10,0,19.0,0,7.0,870972.9303989252,212825.23134728355,10.0,0,0,43,35
9,26,10,1216010.0,2,0,16.0,0,4.0,22040.79478946072,60160.230761511935,6.0,0,0,44,32
9,39,27,17369171.5,25,0,46.0,0,11.0,2112307.8489644043,253817.38637927402,96.0,0,0,45,24
9,36,15,11599411.955,12,0,30.0,0,13.0,1376893.5461333776,241400.87730666882,21.0,0,0,46,47
9,4,11,6200974.449999999,11,0,21.0,0,5.0,678216.4830650878,188811.4630760777,10.0,0,0,50,72
9,12,11,2111467.0,0,0,23.0,0,2.0,393055.9069355349,68262.42871318707,5.0,0,0,51,34
9,25,12,11617882.495000001,17,0,12.0,0,14.0,1506085.054286208,616693.1317857761,23.0,0,0,53,48
9,7,6,2283983.75,8,0,12.0,0,0.0,756697.4746588673,148353.68433235842,0.0,0,0,56,29
9,20,15,6367745.25,12,0,32.0,0,8.0,653865.060737215,134225.79972205695,19.0,0,0,59,55
9,43,10,3532019.5,2,0,15.0,0,4.0,578564.7194244661,197052.8719424466,15.0,0,0,61,22
9,1,7,2810675.66,8,0,14.0,0,0.0,708861.9510770689,127323.06618682882,0.0,0,0,62,35
9,35,9,7406945.5,12,0,13.0,0,5.0,2148730.809734118,355029.7088154752,0.0,0,0,63,36
9,42,9,8011497.825,11,0,11.0,0,16.0,747232.3051343113,452479.63251831505,3.0,0,0,63,42
9,29,14,6959592.5,8,0,24.0,0,6.0,799074.3288863739,190156.8955553984,18.0,0,0,63,64
9,6,6,3518689.75,8,0,12.0,0,3.0,419256.5482554883,202988.06853193598,0.0,0,0,64,40
9,37,11,6178874.75,10,0,21.0,0,7.0,196922.45404472295,209640.8895746231,12.0,0,0,64,56
9,40,8,2270566.5,2,0,13.0,0,4.0,183166.60715847719,144354.80082597808,3.0,0,0,64,66
9,2,7,5338787.25,8,0,10.0,0,12.0,564269.2073341948,362997.3811001293,6.0,0,0,65,18
9,32,5,761896.0,7,0,8.0,0,0.0,104025.97942067205,92049.87114137599,0.0,0,0,66,36
9,46,1,111940.0,0,0,11.0,0,0.0,0.0,11105.81818181818,0.0,0,0,67,27
9,17,20,4181457.5,8,0,44.0,0,5.0,634041.6086797318,65891.46393226355,6.0,0,0,68,30
9,8,2,257740.0,0,0,7.0,0,0.0,27417.28,31624.845714285715,0.0,0,0,68,46
9,13,25,14382623.0,23,0,37.0,0,11.0,1730958.9213147145,259271.84816140728,203.0,0,0,70,55
9,15,21,9427815.5,10,0,40.0,0,12.0,3279756.5576346517,161476.57091129944,33.0,0,0,70,69
9,14,27,9169389.5,12,0,54.0,0,14.0,994557.3542849543,116347.1487301376,19.0,0,0,71,30
9,22,18,1045280.0,0,0,13.0,0,2.0,1208139.9579156481,79785.37975949785,0.0,0,0,73,22
9,34,11,3837050.0,10,0,13.0,0,7.0,485169.16391567374,197285.3650671931,6.0,0,0,73,44
9,38,18,1125820.0,0,0,41.0,0,0.0,0.0,21475.414634146342,0.0,0,0,75,30
9,44,8,1649370.5,8,0,12.0,0,2.0,418917.38210363314,112838.67276295414,59.0,0,0,76,33
9,27,7,2028986.0,2,0,10.0,0,0.0,551689.0640000002,162839.6096,0.0,0,0,76,38
9,10,9,1173230.0,2,0,18.0,0,2.0,119023.99869255687,49834.333224379734,4.0,0,0,79,37
9,41,36,12883746.5,26,0,54.0,0,14.0,1423024.7858150117,161985.1329393059,110.0,0,0,80,48
9,23,8,1678708.0,10,0,17.0,0,2.0,428680.5295841282,77603.57613977599,0.0,0,0,84,51
9,28,6,3292368.455,8,0,10.0,0,3.0,479433.35091091134,204563.20263663674,0.0,0,0,84,52
9,33,5,3090634.37,7,0,10.0,0,0.0,779811.608610048,215357.99129150723,0.0,0,0,87,66
9,47,1,0.0,0,0,12.0,0,0.0,0.0,5000.0,0.0,0,0,88,30
10,51,1,0.0,0,0,6.0,0,0.0,0.0,11000.0,0.0,0,0,11,5
10,50,1,330005.5,0,0,7.0,0,0.0,47415.10193127976,34158.950413845654,0.0,0,0,12,73
10,48,1,0.0,0,0,9.0,0,0.0,0.0,5000.0,0.0,0,0,12,85
10,21,14,14047012.95,20,0,17.0,0,15.0,1131263.1250014417,536528.3639707153,44.0,0,0,19,71
10,24,7,1355284.0,2,0,12.0,0,0.0,183655.74399999995,78766.468,0.0,0,0,21,30
10,5,9,2880273.75,8,0,19.0,0,4.0,568726.3804835505,119990.18793291187,0.0,0,0,22,31
10,18,16,14167124.19,14,0,29.0,0,4.0,4265958.054120047,310978.43383379554,68.0,0,0,22,56
10,16,23,20992987.875,23,0,34.0,0,20.0,1537900.6072412822,393983.33561358595,86.0,0,0,26,62
10,11,10,6186301.99,11,0,13.0,0,9.0,751375.0125553152,298617.732217921,34.0,0,0,29,61
10,9,8,5129331.5,10,0,18.0,0,5.0,747874.7154349461,212334.2262862455,0.0,0,0,31,51
10,3,18,17445677.91,15,0,23.0,0,11.0,1872072.1942771394,602648.0778876396,64.0,0,0,32,68
10,19,18,13117420.75,16,0,38.0,0,6.0,5103032.444768369,275471.6096619093,39.0,0,0,35,33
10,49,1,373500.0,0,0,9.0,0,0.0,57410.10560000001,32373.684266666667,0.0,0,0,36,71
10,30,63,29880512.0,31,0,109.0,0,11.0,3401971.61663644,187423.3341738959,146.0,0,0,37,51
10,0,44,15745516.0,11,0,95.0,0,16.0,1584606.7584892511,113678.35934456713,111.0,0,0,40,60
10,26,11,3168986.5,2,0,16.0,0,4.0,656266.9179157843,124663.52355460476,6.0,0,0,43,33
10,31,10,5899892.5,10,0,21.0,0,7.0,1666391.1721595703,198453.29801139786,10.0,0,0,43,35
10,39,27,20753990.0,25,0,46.0,0,11.0,6438794.139585763,303256.0588995357,96.0,0,0,45,24
10,36,16,10798594.5,12,0,32.0,0,13.0,599810.2184533505,233290.40086500082,43.0,0,0,46,47
10,4,11,6546616.75,11,0,21.0,0,5.0,793821.2932260353,211423.8066590025,22.0,0,0,50,73
10,12,11,2087507.0,2,0,23.0,0,2.0,449089.16277421406,69710.33670266613,5.0,0,0,51,34
10,25,13,11372675.0,20,0,13.0,0,14.0,1076789.0217144834,599404.310197825,48.0,0,0,53,48
10,7,6,2226428.25,10,0,13.0,0,2.0,429155.28986354684,142682.7257534862,0.0,0,0,55,28
10,20,16,7989941.25,12,0,34.0,0,8.0,2780066.5242948867,157537.75842477437,19.0,0,0,58,56
10,43,11,3610966.0,8,0,15.0,0,4.0,730902.2877697865,172581.22877697865,15.0,0,0,60,22
10,1,7,2438217.0,8,0,15.0,0,0.0,853699.5804308276,130883.15804308277,0.0,0,0,62,35
10,35,9,10797992.365,14,0,14.0,0,5.0,4359779.269893648,559859.5646314622,0.0,0,0,62,36
10,42,10,8791859.74,13,0,12.0,0,16.0,2970436.818053725,481954.60225671553,3.0,0,0,62,42
10,29,14,7593033.0,11,0,26.0,0,6.0,548077.9315545494,198664.01528199328,33.0,0,0,63,64
10,2,8,7714666.03,11,0,10.0,0,12.0,754999.0949336784,501736.1142400517,22.0,0,0,64,17
10,6,6,2913726.0,8,0,13.0,0,5.0,245813.0193021954,158829.96376563792,0.0,0,0,64,40
10,37,12,9287098.16,13,0,23.0,0,16.0,768938.2456178889,252409.23340986233,12.0,0,0,64,56
10,40,9,4432452.205,2,0,13.0,0,4.0,1364767.5248633912,218028.5605611605,3.0,0,0,64,66
10,32,5,2201796.0,7,0,9.0,0,0.0,576340.7917682689,158721.46529471147,0.0,0,0,66,36
10,46,1,145800.0,0,0,12.0,0,0.0,0.0,12290.0,0.0,0,0,67,27
10,17,20,4695953.5,8,0,44.0,0,5.0,1181730.0434718933,77681.75148199634,6.0,0,0,68,30
10,8,2,387718.0,0,0,8.0,0,0.0,10562.112000000023,36135.146,0.0,0,0,68,46
10,13,25,16669338.0,27,0,37.0,0,11.0,1073723.7685258873,303383.193318617,236.0,0,0,70,56
10,15,22,11183965.5,10,0,40.0,0,12.0,351758.82305386104,221955.83086451978,58.0,0,0,70,69
10,14,28,11513174.0,12,0,54.0,0,14.0,3578172.541713981,143974.79282538837,19.0,0,0,71,31
10,22,18,922470.0,2,0,13.0,0,2.0,37147.983166259015,103335.84421149145,0.0,0,0,73,22
10,44,8,1548562.0,11,0,13.0,0,2.0,341656.75284145307,95806.74071247538,59.0,0,0,73,33
10,34,12,4980671.5,10,0,14.0,0,7.0,1699856.2655662694,239250.31416781456,6.0,0,0,73,45
10,38,18,1244344.0,0,0,41.0,0,0.0,0.0,23209.91219512195,0.0,0,0,75,30
10,27,7,3947740.375,2,0,11.0,0,0.0,1390123.7756000003,250423.42394545453,0.0,0,0,76,38
10,10,9,1355388.0,2,0,18.0,0,2.0,37796.79947702272,54147.06662308522,4.0,0,0,79,37
10,41,36,17268901.25,26,0,54.0,0,14.0,5474390.414326007,212688.0670646112,110.0,0,0,80,48
10,23,8,3807662.0,10,0,17.0,0,2.0,1155741.0118336515,154517.971632381,0.0,0,0,84,51
10,28,6,2942240.0,8,0,10.0,0,5.0,161049.3403643649,210300.40105465465,0.0,0,0,84,52
10,33,6,3547146.245,7,0,11.0,0,3.0,376113.1414440195,241015.8829241844,0.0,0,0,87,66
10,47,1,0.0,0,0,12.0,0,0.0,0.0,5000.0,0.0,0,0,88,30
11,51,1,0.0,0,0,6.0,0,0.0,0.0,5000.0,0.0,0,0,11,5
11,50,1,159964.0,0,0,7.0,0,0.0,38951.64077251192,22775.351594109692,0.0,0,0,12,73
11,48,1,0.0,0,0,10.0,0,0.0,0.0,5000.0,0.0,0,0,12,85
11,21,15,17339692.315,22,0,18.0,0,15.0,5765612.176000578,620698.5146667147,44.0,0,0,18,71
11,24,7,1513797.0,8,0,12.0,0,0.0,256169.0976000002,89872.63719999998,0.0,0,0,21,30
11,5,10,4590131.75,8,0,19.0,0,4.0,560235.2521934202,167911.30938369108,8.0,0,0,22,31
11,18,16,15954661.625,17,0,31.0,0,4.0,1713667.871648021,396366.8324990977,107.0,0,0,22,56
11,16,24,23676330.83,27,0,34.0,0,20.0,1957297.5748965126,449957.02536308137,134.0,0,0,25,62
11,11,11,6052637.75,11,0,14.0,0,9.0,2205981.1050221263,296600.54696665634,34.0,0,0,29,61
11,9,9,6293350.0,10,0,18.0,0,11.0,667964.8861739784,239707.4905144982,0.0,0,0,30,50
11,3,19,19593943.125,18,0,25.0,0,11.0,1739636.1277108565,520184.36766265123,105.0,0,0,32,68
11,19,18,19675764.315,18,0,38.0,0,6.0,2007268.7039073482,396244.15936476376,86.0,0,0,35,33
11,49,1,317855.5,0,0,9.0,0,0.0,51446.24223999999,30017.70704,0.0,0,0,36,71
11,30,63,32870859.5,38,0,109.0,0,11.0,1009682.4466545768,204666.96027506297,208.0,0,0,37,51
11,0,45,16530986.0,14,0,101.0,0,16.0,5245673.1033957,112617.38272369852,111.0,0,0,40,60
11,26,12,2358074.5,8,0,16.0,0,4.0,298284.56716631376,118037.80317184191,8.0,0,0,42,33
11,31,11,9023683.07,13,0,21.0,0,17.0,1020359.6968638292,310430.6926331306,10.0,0,0,42,36
11,39,27,29921648.75,30,0,49.0,0,11.0,3157352.155834306,450229.9129337032,166.0,0,0,45,24
11,36,17,15333964.285,16,0,34.0,0,13.0,1198024.8013813403,286184.25594329444,73.0,0,0,45,46
11,12,11,1856414.0,2,0,23.0,0,2.0,398893.2651096857,65143.56076802297,5.0,0,0,51,34
11,4,11,6963401.25,14,0,21.0,0,12.0,705314.0172904143,226634.92980645815,22.0,0,0,51,74
11,25,14,15959300.57,23,0,14.0,0,14.0,1382660.8366857935,735118.1253591921,81.0,0,0,52,46
11,7,6,4800185.949999999,10,0,14.0,0,6.0,291536.4959454192,229114.62456558054,0.0,0,0,55,28
11,20,17,9595875.25,12,0,34.0,0,8.0,3473651.7097179545,223398.97248755684,19.0,0,0,57,57
11,1,7,2423944.5,10,0,15.0,0,2.0,392722.6321723312,136105.7632172331,0.0,0,0,59,33
11,43,12,6383986.75,8,0,16.0,0,4.0,2242155.6151079154,271808.338916367,15.0,0,0,60,21
11,6,7,4257939.720000001,8,0,14.0,0,5.0,1407021.0957208779,198017.97454152268,0.0,0,0,61,44
11,35,9,13081204.495000001,14,0,15.0,0,5.0,381220.12598860264,166452.81259886027,6.0,0,0,62,36
11,42,11,11513476.5,13,0,12.0,0,16.0,1142130.3272214904,729195.6659026863,30.0,0,0,62,42
11,29,14,11640203.485,11,0,26.0,0,16.0,1581504.5666218195,286268.03268972033,33.0,0,0,63,64
11,2,9,9749689.075,11,0,11.0,0,12.0,510211.38769701123,471718.37104959245,37.0,0,0,64,16
11,37,12,11460989.285,13,0,25.0,0,16.0,639205.4220546061,28352.325323276364,9.0,0,0,64,56
11,40,10,3757247.0,2,0,13.0,0,4.0,64995.8099453561,241400.67037831037,11.0,0,0,64,67
11,17,20,4531987.0,10,0,44.0,0,5.0,1390022.8173887571,82914.32332007127,6.0,0,0,66,30
11,32,5,2003517.5,7,0,10.0,0,0.0,468563.3167073075,159791.49750609612,0.0,0,0,66,36
11,46,1,241918.0,0,0,13.0,0,0.0,0.0,16165.446153846153,0.0,0,0,67,27
11,8,2,353858.0,0,0,8.0,0,0.0,52108.0448,32331.508400000002,0.0,0,0,68,46
11,14,29,13140905.0,12,0,54.0,0,14.0,5386375.016685592,190767.52824126647,19.0,0,0,70,31
11,13,25,26212211.43,29,0,40.0,0,11.0,3265110.0794103555,414289.0279778883,286.0,0,0,70,56
11,15,23,17833231.314999998,10,0,43.0,0,12.0,6151404.055221545,258744.04843796077,58.0,0,0,70,70
11,34,13,6922708.0,10,0,14.0,0,7.0,1051565.7062265081,374538.46852426865,20.0,0,0,72,45
11,22,18,408494.0,2,0,13.0,0,0.0,613256.7932665036,25568.091530750415,0.0,0,0,73,22
11,44,8,4096198.405,11,0,14.0,0,2.0,1280490.0631365818,195193.7924789194,59.0,0,0,73,33
11,38,18,1087330.0,0,0,41.0,0,0.0,0.0,20912.146341463413,0.0,0,0,75,30
11,27,7,3054558.0,2,0,11.0,0,3.0,306252.7102400004,247437.18776,0.0,0,0,76,38
11,10,9,1473497.0,2,0,18.0,0,2.0,238045.51979080914,55376.459982567416,4.0,0,0,79,37
11,41,36,19971026.25,31,0,54.0,0,14.0,1279301.6657304019,287726.8518258445,155.0,0,0,81,49
11,23,8,4714292.0,12,0,17.0,0,7.0,561728.2047334602,212177.63571177592,0.0,0,0,84,52
11,33,6,4157019.29,9,0,12.0,0,7.0,301822.9725776077,231656.62157220094,0.0,0,0,87,66
11,47,1,0.0,0,0,13.0,0,0.0,0.0,5000.0,0.0,0,0,88,30
11,28,7,4536240.664999999,10,0,10.0,0,5.0,1494581.0021457458,286837.40032186185,0.0,0,0,88,57
12,51,1,0.0,0,0,6.0,0,0.0,0.0,5000.0,0.0,0,0,11,5
12,50,1,385740.0,0,0,8.0,0,0.0,68044.65630900476,36851.8730579384,0.0,0,0,12,73
12,48,1,0.0,0,0,10.0,0,0.0,0.0,5000.0,0.0,0,0,12,85
12,52,1,342155.49999999994,0,0,6.0,0,0.0,77202.19999999995,45215.549999999996,0.0,0,0,14,47
12,21,16,20117227.86,25,0,19.0,0,15.0,2700941.0144002326,822352.8432421235,95.0,0,0,18,71
12,24,7,1398716.5,8,0,13.0,0,0.0,357798.23904000013,81379.33527384615,0.0,0,0,21,30
12,18,16,18443053.69,19,0,31.0,0,4.0,1453533.6246592086,395130.09474157466,145.0,0,0,21,56
12,5,11,6298346.75,10,0,21.0,0,10.0,281572.8008773681,200959.48577695485,8.0,0,0,23,31
12,16,25,27821446.315,29,0,34.0,0,20.0,3612237.5559586063,530507.2451158208,190.0,0,0,25,62
12,11,12,7155724.25,14,0,14.0,0,17.0,879772.1420088504,406215.9437866626,34.0,0,0,27,60
12,9,10,9760074.735,12,0,18.0,0,11.0,822065.8484695908,352601.32070579927,19.0,0,0,30,50
12,3,20,21463393.82,21,0,25.0,0,11.0,1897056.9790843409,561872.7187450606,149.0,0,0,33,69
12,19,18,21661324.17,21,0,38.0,0,6.0,7563572.14956294,378714.6243248529,86.0,0,0,34,33
12,49,1,153340.0,0,0,10.0,0,0.0,22914.496895999997,17287.1745344,0.0,0,0,36,71
12,30,63,48298445.65,38,0,109.0,0,11.0,13320441.238661837,276420.888605438,208.0,0,0,37,51
12,0,46,18925829.0,14,0,107.0,0,16.0,4636805.84135828,140541.13329006935,111.0,0,0,40,60
12,31,12,11436946.445,13,0,23.0,0,17.0,731197.4567455333,329973.20370079554,33.0,0,0,41,36
12,26,13,1758906.5,11,0,17.0,0,4.0,380888.42686652555,77606.74354704637,8.0,0,0,42,33
12,39,27,34331387.635,33,0,49.0,0,11.0,2910000.916333724,464045.79335715476,238.0,0,0,45,24
12,36,18,18339935.490000002,16,0,36.0,0,13.0,2310396.1165525373,330632.6715230224,109.0,0,0,45,46
12,12,11,2111467.0,2,0,23.0,0,3.0,177176.1060438743,70487.65908981788,5.0,0,0,51,34
12,4,12,11461641.07,14,0,21.0,0,12.0,4159806.034916166,352627.2882082975,22.0,0,0,51,74
12,25,15,20807227.2,23,0,15.0,0,14.0,1804090.2146743182,892595.5214674318,124.0,0,0,52,46
12,7,7,7480040.5,10,0,14.0,0,6.0,513915.7983781686,338067.58554051793,14.0,0,0,55,28
12,20,18,15970446.855,12,0,34.0,0,8.0,5670149.425887182,348131.1511420816,19.0,0,0,57,57
12,1,7,5415079.95,10,0,15.0,0,7.0,635301.0328689325,237312.10328689325,0.0,0,0,59,33
12,43,12,5038507.5,8,0,16.0,0,4.0,1733070.2460431661,278024.8668165468,15.0,0,0,60,21
12,6,8,6281782.375,8,0,14.0,0,5.0,2032131.3882883517,334520.14874518046,0.0,0,0,60,45
12,42,12,13332818.325,16,0,12.0,0,16.0,1354264.4608885944,728747.4326110745,58.0,0,0,61,43
12,35,9,13306769.5,14,0,15.0,0,18.0,1330335.850395442,552519.585039544,6.0,0,0,62,36
12,2,10,12280966.780000001,11,0,11.0,0,12.0,1124516.2670788048,702700.627328928,61.0,0,0,63,15
12,29,15,11176308.5,11,0,28.0,0,16.0,4294689.226648728,278381.70857046754,33.0,0,0,63,64
12,32,6,2869553.1,10,0,11.0,0,3.0,294006.56668292335,187079.07727494402,0.0,0,0,64,38
12,37,13,14349629.735,13,0,25.0,0,16.0,5309418.062821843,364732.0437693105,9.0,0,0,64,56
12,40,11,5521023.195,8,0,14.0,0,8.0,429737.60197814275,244400.8144976581,11.0,0,0,64,68
12,17,20,6598207.5,10,0,47.0,0,5.0,778184.1269555027,106977.40830709052,16.0,0,0,66,30
12,46,1,111940.0,0,0,13.0,0,0.0,0.0,10166.461538461539,0.0,0,0,67,27
12,8,2,257740.0,0,0,8.0,0,0.0,22107.217920000025,28238.60336,0.0,0,0,68,46
12,14,30,15298249.0,14,0,57.0,0,14.0,910689.6066742353,222732.8843861641,55.0,0,0,70,31
12,15,24,14881181.5,13,0,43.0,0,12.0,6285784.222088616,298477.9379798355,58.0,0,0,70,70
12,13,25,24557023.5,31,0,40.0,0,11.0,1969513.4317641407,422332.00369115535,339.0,0,0,71,56
12,22,18,1045280.0,2,0,14.0,0,0.0,2334.7173066013493,76080.14828285016,0.0,0,0,73,22
12,44,8,4044352.9999999995,11,0,14.0,0,6.0,150127.22525463253,233207.55984871063,59.0,0,0,73,33
12,34,13,8577996.5,12,0,14.0,0,7.0,538774.8824906033,417695.52312399325,37.0,0,0,73,46
12,38,18,1125820.0,0,0,41.0,0,0.0,0.0,21475.414634146342,0.0,0,0,75,30
12,27,7,4274190.5,2,0,12.0,0,6.0,136029.6685733581,179575.58357166973,0.0,0,0,76,38
12,10,9,1380752.0,8,0,18.0,0,2.0,116531.00791632384,58959.9173263603,4.0,0,0,77,38
12,41,36,30018077.875,37,0,54.0,0,14.0,1928781.8162921593,352748.66156367114,212.0,0,0,81,49
12,23,9,7659551.68,12,0,17.0,0,7.0,2455311.953893385,295162.8194611809,0.0,0,0,84,52
12,47,1,0.0,0,0,13.0,0,0.0,0.0,5000.0,0.0,0,0,88,30
12,28,8,6023420.32,10,0,10.0,0,5.0,486145.52885829844,456080.07932874473,14.0,0,0,89,58
12,33,7,4756379.22,9,0,12.0,0,7.0,1386465.8770310432,257910.1096288804,0.0,0,0,90,67
13,51,1,0.0,0,0,6.0,0,0.0,0.0,5000.0,0.0,0,0,11,5
13,50,1,330005.5,0,0,8.0,0,0.0,65560.06252360193,34853.761723175354,0.0,0,0,12,73
13,48,1,0.0,0,0,10.0,0,0.0,0.0,5000.0,0.0,0,0,12,85
13,52,1,166587.99999999997,0,0,6.0,0,0.0,58516.07999999996,29379.019999999993,0.0,0,0,14,47
13,21,17,23119127.11,28,0,19.0,0,15.0,2360062.249760095,820370.5723494809,146.0,0,0,18,71
13,24,7,2095468.0,8,0,13.0,0,0.0,569830.4956160001,118227.67257107694,0.0,0,0,21,30
13,18,16,20658283.439999998,21,0,31.0,0,4.0,1907101.8258636836,432970.6528643718,187.0,0,0,21,56
13,5,12,9918622.16,12,0,23.0,0,10.0,1270597.9843509477,271092.04245767044,26.0,0,0,23,31
13,16,26,25075035.75,29,0,36.0,0,20.0,9222759.322383445,483121.22176597675,190.0,0,0,24,61
13,11,13,12003847.27,14,0,15.0,0,17.0,815627.7648035409,520344.77648035396,57.0,0,0,26,60
13,9,11,12231862.645,12,0,18.0,0,11.0,4167471.397387836,440130.94978231966,19.0,0,0,29,49
13,3,20,23192544.66,23,0,25.0,0,11.0,1819400.6556337364,607150.4393380241,197.0,0,0,33,70
13,19,18,23083375.0,21,0,41.0,0,6.0,10494863.859825175,453491.9095057991,86.0,0,0,34,33
13,49,1,373500.0,0,0,10.0,0,0.0,46733.79875840002,28784.869813759997,0.0,0,0,36,71
13,30,63,55014902.114999995,42,0,115.0,0,11.0,4096292.3414647356,361532.22619301826,335.0,0,0,37,51
13,31,13,14323554.465,15,0,23.0,0,17.0,1162610.7686982118,397732.65882814437,61.0,0,0,40,36
13,0,47,29659156.619999997,18,0,107.0,0,16.0,1202459.984543316,197313.80819453238,171.0,0,0,40,60
13,26,13,2986524.5,11,0,18.0,0,4.0,391827.1475388005,104260.26229490002,8.0,0,0,42,33
13,39,27,37340386.45,37,0,52.0,0,11.0,3528429.94653349,469427.5465346199,316.0,0,0,45,24
13,36,19,17515354.5,16,0,36.0,0,13.0,6011630.246621018,335429.17694254225,109.0,0,0,45,45
13,12,12,2180819.0,2,0,25.0,0,3.0,418062.04241754976,61591.882545052984,5.0,0,0,50,33
13,4,13,12376462.25,14,0,21.0,0,12.0,5212412.313966466,477464.8081404619,22.0,0,0,50,74
13,25,16,23795727.82,27,0,16.0,0,14.0,2574732.213869728,964993.1763002868,175.0,0,0,53,48
13,7,8,8244148.205,13,0,15.0,0,6.0,1765541.810785641,226187.68107856406,14.0,0,0,55,26
13,20,19,18949133.605,12,0,34.0,0,8.0,8037993.212354872,439457.9358391856,19.0,0,0,57,57
13,43,12,7654352.1899999995,11,0,16.0,0,4.0,493723.97441726644,357028.3413516187,32.0,0,0,59,19
13,1,8,6037642.5,10,0,15.0,0,7.0,310462.4131475738,271917.74131475727,12.0,0,0,59,33
13,6,9,8705203.235,10,0,15.0,0,15.0,1034458.8493153406,434493.3849315341,0.0,0,0,59,45
13,42,13,14623482.965,19,0,12.0,0,16.0,1363563.970355438,803887.3712944296,89.0,0,0,60,44
13,35,10,16781126.365000002,14,0,15.0,0,18.0,6448674.8861581795,729458.4886158176,6.0,0,0,61,37
13,32,6,4508439.125,10,0,12.0,0,3.0,1498158.2766731698,245122.28458414617,0.0,0,0,62,38
13,29,16,11700693.0,14,0,28.0,0,16.0,1435147.8906594925,347758.19057104416,64.0,0,0,62,65
13,2,11,13100155.52,11,0,11.0,0,12.0,5040198.714831522,780891.1883861166,61.0,0,0,64,13
13,40,12,6373506.484999999,8,0,15.0,0,8.0,739325.6347912569,277129.7634791257,22.0,0,0,64,69
13,37,14,12813157.75,16,0,25.0,0,16.0,1819025.325128736,439941.81950772426,44.0,0,0,65,58
13,17,20,8056966.75,10,0,47.0,0,5.0,2568792.3507822007,117789.16013134683,16.0,0,0,66,30
13,46,1,145800.0,0,0,13.0,0,0.0,0.0,11729.23076923077,0.0,0,0,67,27
13,8,2,387718.0,0,0,8.0,0,0.0,8438.087167999998,35736.891344,0.0,0,0,68,46
13,14,31,23694356.439999998,17,0,57.0,0,14.0,1080333.4186696932,264000.48470183404,98.0,0,0,70,31
13,15,25,21105881.19,13,0,43.0,0,12.0,8353601.164835447,387209.28481984115,58.0,0,0,70,70
13,22,18,1264614.0,2,0,14.0,0,0.0,35615.04247819615,59297.802170282914,0.0,0,0,72,22
13,13,25,31851861.875,36,0,40.0,0,11.0,11324155.122705657,512320.6296014621,339.0,0,0,72,56
13,44,9,5872366.79,15,0,14.0,0,6.0,555662.6061018533,263106.88636805565,70.0,0,0,73,31
13,34,13,12097682.93,15,0,15.0,0,19.0,896193.1249962412,510458.3124996241,37.0,0,0,73,46
13,38,18,1244344.0,0,0,41.0,0,0.0,0.0,23209.91219512195,0.0,0,0,75,30
13,27,8,4936840.375,2,0,13.0,0,6.0,125998.01742934342,239132.4635495396,8.0,0,0,76,38
13,10,9,1843725.5,8,0,18.0,0,2.0,232134.60316652968,70341.88359721079,4.0,0,0,77,38
13,41,36,36303686.025,39,0,54.0,0,14.0,4512607.136516862,429805.19823657954,282.0,0,0,81,49
13,23,10,10758734.75,12,0,17.0,0,19.0,1128423.6815573545,471378.118960943,0.0,0,0,85,52
13,47,1,0.0,0,0,14.0,0,0.0,0.0,5000.0,0.0,0,0,88,30
13,28,8,8597733.53,10,0,11.0,0,5.0,632451.6235433193,500484.31230136164,30.0,0,0,90,58
13,33,8,6950238.609999999,9,0,12.0,0,7.0,597821.7948124167,421835.22435155214,15.0,0,0,90,68
14,51,1,0.0,0,0,7.0,0,0.0,0.0,5000.0,0.0,0,0,11,5
14,50,1,159964.0,0,0,8.0,0,0.0,41209.62500944079,21914.304689270142,0.0,0,0,12,73
14,48,1,0.0,0,0,10.0,0,0.0,0.0,5000.0,0.0,0,0,12,85
14,52,1,397979.99999999994,0,0,7.0,0,0.0,85766.43199999997,44128.23542857142,0.0,0,0,14,47
14,21,18,26793310.02,30,0,19.0,0,15.0,2512148.90790404,925632.8085187398,203.0,0,0,18,71
14,18,16,21351034.605,24,0,31.0,0,4.0,2178674.5723454747,455157.47930703906,232.0,0,0,22,55
14,24,7,2649691.5,8,0,13.0,0,0.0,673283.7982464002,153593.3228745846,0.0,0,0,23,31
14,5,13,10033439.75,12,0,25.0,0,10.0,1319155.0937403794,276296.9056244227,46.0,0,0,23,32
14,16,27,32575309.595,33,0,36.0,0,20.0,3916257.5669533797,701634.4819563908,272.0,0,0,24,60
14,11,14,14743380.375,16,0,16.0,0,17.0,1265313.255921416,588462.8052426327,86.0,0,0,26,60
14,9,12,14282347.92,14,0,18.0,0,11.0,1770682.7269551344,619993.9772462611,55.0,0,0,29,48
14,19,18,25218190.125,21,0,41.0,0,6.0,12268971.593930073,527630.0583145148,86.0,0,0,33,33
14,3,20,24314118.060000002,27,0,27.0,0,11.0,2308542.4862534963,585744.8603474164,247.0,0,0,34,70
14,49,1,317855.5,0,0,10.0,0,0.0,42175.719503359986,26875.357925504002,0.0,0,0,36,71
14,30,63,56303084.69499999,53,0,115.0,0,11.0,4143300.814585887,320127.18453807686,448.0,0,0,37,51
14,31,14,15699424.93,15,0,23.0,0,17.0,5620569.279479286,444879.1921399533,61.0,0,0,39,35
14,0,48,29625339.5,18,0,107.0,0,16.0,7957524.793817326,177866.16533388774,171.0,0,0,39,60
14,26,13,4080577.5,11,0,19.0,0,4.0,452849.8590155202,146233.8309749095,14.0,0,0,41,33
14,36,20,21352433.925,21,0,38.0,0,13.0,2684900.668648407,437064.1711308582,162.0,0,0,43,45
14,39,27,39206299.0,41,0,55.0,0,11.0,3955066.5786133967,471197.04305309255,400.0,0,0,45,24
14,12,13,2757894.5,2,0,27.0,0,3.0,673414.6169670199,75576.81205372332,5.0,0,0,50,32
14,4,14,15562214.7,19,0,21.0,0,12.0,2338275.805586586,598560.7718276132,64.0,0,0,50,75
14,25,17,25945639.965,27,0,17.0,0,14.0,9881183.871547889,1011601.3710189316,175.0,0,0,52,48
14,7,9,10483521.365,13,0,15.0,0,6.0,3824090.2703142567,494962.5270314257,14.0,0,0,55,26
14,1,9,8625004.715,13,0,15.0,0,7.0,858611.8512590304,362418.68512590294,29.0,0,0,57,32
14,20,19,20388889.08,16,0,34.0,0,35.0,2798837.9169419482,506650.863982733,19.0,0,0,57,57
14,43,12,8923725.26,13,0,16.0,0,12.0,406399.69376690686,358154.3462906475,32.0,0,0,59,19
14,42,14,18081355.035,19,0,12.0,0,16.0,1461957.6021421775,977245.950267772,126.0,0,0,59,44
14,6,10,9004173.88,13,0,15.0,0,15.0,887493.0917261364,406545.3091726136,19.0,0,0,59,46
14,35,11,19390237.87,16,0,15.0,0,18.0,2750320.1024632733,1038556.5102463271,58.0,0,0,61,37
14,32,6,5386745.25,10,0,13.0,0,9.0,549486.4106692681,322764.7781541463,0.0,0,0,62,38
14,29,17,16693850.52,14,0,30.0,0,16.0,1128914.3642637953,367579.96821318986,97.0,0,0,63,65
14,2,12,15206822.015,13,0,12.0,0,12.0,1866178.2919326108,1017351.0364915761,101.0,0,0,64,12
14,40,13,5446003.0,8,0,15.0,0,8.0,1899847.4539165031,252413.14539165027,22.0,0,0,64,69
14,37,15,17919349.945,16,0,27.0,0,16.0,6336385.108051494,443630.5615584163,44.0,0,0,65,58
14,17,20,8944342.75,12,0,47.0,0,14.0,497194.0403128797,151976.192775943,16.0,0,0,66,30
14,46,1,241918.0,0,0,14.0,0,0.0,0.0,15367.914285714285,0.0,0,0,67,27
14,8,2,353858.0,0,0,9.0,0,0.0,46258.434867199976,29153.072477866666,0.0,0,0,68,46
14,14,32,25437028.45,22,0,57.0,0,14.0,1425739.7474678755,284130.1249333652,146.0,0,0,70,31
14,15,26,22383035.009999998,16,0,43.0,0,12.0,2431024.4699341767,433883.29546282016,116.0,0,0,70,71
14,22,18,1198294.0,2,0,15.0,0,0.0,661.3947690562345,54356.36169912784,0.0,0,0,72,22
14,13,25,36580309.04,36,0,43.0,0,11.0,16162145.665082261,673434.3836656604,339.0,0,0,72,57
14,44,10,7434136.859999999,15,0,14.0,0,13.0,889435.7864407413,347419.97711865086,70.0,0,0,73,32
14,34,14,14024834.23,15,0,15.0,0,19.0,4379495.941998497,601841.0941998496,37.0,0,0,73,46
14,38,18,1087330.0,0,0,44.0,0,0.0,0.0,19827.227272727272,0.0,0,0,75,30
14,27,9,5625636.54,8,0,14.0,0,6.0,325456.7741776577,91992.36866189187,8.0,0,0,75,38
14,10,9,2052481.0,8,0,18.0,0,2.0,547374.241266612,81153.85343888433,4.0,0,0,77,38
14,41,36,31507193.5,44,0,54.0,0,14.0,2634055.254606746,405220.00707240956,350.0,0,0,81,50
14,53,1,345192.99999999994,0,0,7.0,0,0.0,73417.19999999995,39730.82857142857,0.0,0,0,83,81
14,23,11,12483360.045,15,0,18.0,0,19.0,1336948.4906229423,458726.1242185785,26.0,0,0,86,53
14,47,1,0.0,0,0,14.0,0,0.0,0.0,5000.0,0.0,0,0,88,30
14,28,9,9658390.665,13,0,11.0,0,5.0,946811.9154173275,566318.6702841809,50.0,0,0,89,59
14,33,9,8304131.6899999995,12,0,13.0,0,15.0,998351.3939249674,415859.39160672686,15.0,0,0,90,68
15,51,1,0.0,0,0,7.0,0,0.0,0.0,5000.0,0.0,0,0,11,5
15,50,1,385740.0,0,0,8.0,0,0.0,68947.85000377637,37021.221875708055,0.0,0,0,12,73
15,48,1,0.0,0,0,10.0,0,0.0,0.0,5000.0,0.0,0,0,12,85
15,52,1,342155.49999999994,0,0,7.0,0,0.0,82508.77279999998,41679.02274285713,0.0,0,0,14,47
15,21,19,29080119.245,34,0,19.0,0,15.0,3312617.261161618,1002650.5732496012,266.0,0,0,18,70
15,18,16,23516242.315,24,0,31.0,0,4.0,8446811.754938193,502320.97201313823,232.0,0,0,21,55
15,24,7,5351124.289999999,10,0,14.0,0,5.0,475948.23529856047,263188.9180677028,0.0,0,0,23,31
15,5,14,11619903.5,14,0,27.0,0,10.0,1039668.4374961527,292534.63541645283,70.0,0,0,23,32
15,16,28,37049942.57,36,0,36.0,0,20.0,3509130.054781355,687770.0022825564,351.0,0,0,23,60
15,11,15,16501109.825,19,0,17.0,0,17.0,1580229.232368568,632050.2263854616,120.0,0,0,25,59
15,9,13,16576624.36,16,0,18.0,0,11.0,1611487.8347820546,616576.9028985044,90.0,0,0,28,47
15,19,18,27021159.169999998,23,0,44.0,0,6.0,928310.1739020552,229460.51729211552,116.0,0,0,32,32
15,3,20,25435288.785,30,0,27.0,0,11.0,2309137.5085013993,621529.5838056332,301.0,0,0,33,71
15,49,1,153340.0,0,0,10.0,0,0.0,19206.287801343977,16730.9431702016,0.0,0,0,36,71
15,30,63,58232275.775,61,0,115.0,0,11.0,3821420.635834351,330437.79090218723,564.0,0,0,37,51
15,31,15,18779154.975,15,0,23.0,0,17.0,2121974.7017917167,641514.5457690249,109.0,0,0,38,35
15,26,13,4286416.5,14,0,21.0,0,4.0,558718.5436062082,140407.61025758632,21.0,0,0,39,32
15,0,49,32596018.25,21,0,107.0,0,16.0,10737192.217526931,232403.04510551773,171.0,0,0,39,60
15,36,21,24089793.865000002,21,0,38.0,0,13.0,8149667.813459365,427758.334741817,162.0,0,0,43,45
15,39,27,43140262.385,41,0,59.0,0,11.0,15758636.585445356,483935.54878250905,400.0,0,0,45,24
15,12,14,3215375.0,2,0,29.0,0,5.0,386715.84678680776,85457.71621311076,5.0,0,0,50,32
15,4,15,18532366.61,19,0,23.0,0,12.0,1510426.9662346337,549451.5412761717,103.0,0,0,50,75
15,25,18,30343964.015,29,0,17.0,0,14.0,4057714.1546191573,1424711.1018781608,255.0,0,0,51,48
15,7,10,13987639.615,13,0,16.0,0,6.0,1750881.9541257024,672939.8706992846,49.0,0,0,55,25
15,1,10,11237809.49,13,0,15.0,0,7.0,1543428.536503612,488856.85365036124,51.0,0,0,57,31
15,20,20,22500079.625,18,0,34.0,0,35.0,7966077.0167767815,451451.4860342696,19.0,0,0,57,57
15,6,11,11377988.375,13,0,15.0,0,15.0,3461372.5866904547,495619.2586690454,19.0,0,0,58,46
15,43,13,10077155.585,15,0,16.0,0,12.0,2986227.111506763,398133.32295375905,32.0,0,0,59,19
15,42,15,19659574.509999998,23,0,13.0,0,16.0,2093707.8448568732,979839.943637331,167.0,0,0,59,45
15,35,12,21296091.1,16,0,15.0,0,18.0,8453369.48098531,966856.4480985311,58.0,0,0,60,37
15,32,7,7205124.210000001,13,0,13.0,0,16.0,1041604.2482677074,362905.1055693509,0.0,0,0,61,38
15,29,18,19938045.375,16,0,32.0,0,16.0,6509113.895705519,400005.4951111961,97.0,0,0,62,65
15,40,14,5102594.5,12,0,16.0,0,8.0,380066.78156660125,267591.57327186887,34.0,0,0,63,70
15,2,13,18135938.225,15,0,13.0,0,12.0,1816556.6067730468,928174.6084738129,140.0,0,0,64,12
15,37,16,21290598.425,16,0,29.0,0,16.0,1412606.8527049124,396214.0613468057,79.0,0,0,65,58
15,17,21,15665747.625,12,0,50.0,0,14.0,1783068.6661251523,198955.29998375452,44.0,0,0,66,30
15,46,1,111940.0,0,0,14.0,0,0.0,0.0,9797.42857142857,0.0,0,0,67,27
15,8,2,257740.0,0,0,10.0,0,0.0,9767.37394687999,23239.906092031997,0.0,0,0,68,46
15,14,33,26619735.534999996,27,0,57.0,0,14.0,1481455.1129871495,300215.5292891355,197.0,0,0,69,30
15,15,27,23181584.310000002,20,0,43.0,0,12.0,1693363.5119736716,362385.23878977925,164.0,0,0,70,71
15,22,18,1476798.0,2,0,16.0,0,0.0,18417.091240955808,60404.72730383961,0.0,0,0,72,22
15,44,11,8357665.5,15,0,14.0,0,13.0,1129556.5145762973,401304.3408474603,86.0,0,0,72,33
15,13,25,40662108.33,39,0,43.0,0,11.0,5902361.598032907,797896.5673732408,453.0,0,0,72,57
15,34,15,16171023.325,18,0,15.0,0,19.0,1873062.7067993972,827020.7706799399,77.0,0,0,73,47
15,27,10,4029265.5,10,0,14.0,0,6.0,1351072.909671063,191630.95460761388,8.0,0,0,74,39
15,38,18,1125820.0,0,0,47.0,0,0.0,0.0,19372.17021276596,0.0,0,0,75,30
15,10,9,1834742.0,8,0,18.0,0,2.0,561858.4965066449,84403.87470888706,4.0,0,0,77,42
15,41,36,42657278.5,50,0,57.0,0,14.0,3761363.5018427,481750.8816274394,437.0,0,0,82,50
15,53,1,168243.99999999997,0,0,8.0,0,0.0,47664.47999999998,23124.589999999993,0.0,0,0,83,81
15,23,12,14878396.834999999,15,0,19.0,0,19.0,5264653.130249176,517063.53659861925,26.0,0,0,86,53
15,47,1,0.0,0,0,15.0,0,0.0,0.0,5000.0,0.0,0,0,88,30
15,28,9,10807999.79,15,0,11.0,0,5.0,994629.6821669322,646171.5475682177,72.0,0,0,89,59
15,33,10,9984132.719999999,12,0,14.0,0,15.0,3331603.6455699857,475677.89059678424,15.0,0,0,90,68
16,51,1,0.0,0,0,7.0,0,0.0,0.0,5000.0,0.0,0,0,11,5
16,54,1,163276.0,0,0,7.0,0,0.0,45310.40000000002,24137.942857142854,0.0,0,0,12,69
16,50,1,330005.5,0,0,9.0,0,0.0,60921.34000151057,31596.89000025176,0.0,0,0,12,73
16,48,1,0.0,0,0,10.0,0,0.0,0.0,5000.0,0.0,0,0,12,85
16,52,1,166587.99999999997,0,0,7.0,0,0.0,55638.709119999985,26351.15195428571,0.0,0,0,14,47
16,21,20,31735359.465,38,0,21.0,0,15.0,3465745.6904646456,1006370.7636046176,335.0,0,0,18,70
16,18,16,25907321.495,26,0,31.0,0,4.0,12054028.299975276,669918.7080633198,232.0,0,0,20,55
16,24,8,7204092.609999999,10,0,15.0,0,5.0,900540.338119424,312201.6338119424,14.0,0,0,23,31
16,16,29,39995971.59,36,0,36.0,0,20.0,14852410.657912541,730085.0274130227,351.0,0,0,23,59
16,11,16,19516924.17,21,0,18.0,0,17.0,1788946.3609474283,708238.4467456188,160.0,0,0,24,59
16,9,14,18686954.89,16,0,18.0,0,11.0,6921182.089912824,681614.7574927352,90.0,0,0,28,47
16,19,18,28864792.22,23,0,44.0,0,6.0,10138325.957560826,411269.57809866435,116.0,0,0,32,32
16,3,20,27989448.595,32,0,29.0,0,11.0,2507994.4414005615,631867.2986931324,360.0,0,0,34,71
16,49,1,373500.0,0,0,11.0,0,0.0,40250.5151205376,26420.342970982398,0.0,0,0,36,71
16,30,63,64009033.225,65,0,122.0,0,11.0,3984336.5443337485,338592.3960368903,690.0,0,0,37,50
16,31,16,21618521.560000002,17,0,25.0,0,17.0,2232813.5047166888,574771.9102830013,155.0,0,0,38,34
16,26,13,6785121.5,14,0,21.0,0,4.0,748240.0174424835,214824.00124589168,32.0,0,0,39,32
16,0,49,34324606.115,27,0,107.0,0,16.0,2558699.333010774,257682.98130388936,253.0,0,0,39,61
16,36,22,27136183.31,24,0,38.0,0,13.0,3243480.449383747,562145.0177388319,231.0,0,0,43,45
16,39,27,46626052.75,41,0,59.0,0,11.0,22181150.73417815,639420.5695130036,400.0,0,0,46,23
16,12,15,3844523.5,8,0,29.0,0,5.0,391867.7387147234,92542.88303696844,9.0,0,0,50,32
16,4,16,23358638.345,19,0,25.0,0,12.0,8147246.124493854,601857.5674696311,103.0,0,0,50,75
16,25,19,33274925.395,33,0,18.0,0,14.0,3996670.8198476657,1249421.3183206383,330.0,0,0,52,49
16,7,11,14963696.4,17,0,16.0,0,22.0,1927161.341650281,631796.6882797139,49.0,0,0,54,26
16,1,11,12024316.5,13,0,15.0,0,7.0,1174288.0146014458,547709.8014601445,77.0,0,0,57,30
16,20,21,23964603.855,21,0,34.0,0,35.0,3003312.348710712,568482.6036195903,81.0,0,0,57,58
16,42,16,20276244.025,27,0,13.0,0,16.0,2100205.7479427494,1037459.3170703171,211.0,0,0,58,46
16,6,12,13369856.34,15,0,16.0,0,15.0,1562681.5706761833,636171.084750892,52.0,0,0,58,47
16,35,13,22205435.94,19,0,15.0,0,18.0,11132277.168394126,1231352.2168394125,58.0,0,0,60,37
16,32,8,9654091.125,13,0,14.0,0,16.0,734888.1493070824,463386.944568616,20.0,0,0,60,39
16,43,14,11132809.69,18,0,17.0,0,12.0,1112129.7206027042,503318.94593553274,58.0,0,0,61,18
16,29,19,19681132.31,21,0,32.0,0,16.0,2649853.4822822064,496067.1163569784,149.0,0,0,63,66
16,40,15,9462421.055,12,0,16.0,0,8.0,3139527.134626641,374093.2938712475,34.0,0,0,63,71
16,2,14,18504596.465,19,0,14.0,0,12.0,2100456.228709217,875906.5602188448,180.0,0,0,64,12
16,37,17,22555902.23,20,0,31.0,0,16.0,2221113.633081965,468906.62740719185,126.0,0,0,65,59
16,17,22,13682957.0,12,0,50.0,0,14.0,660500.2664500605,190592.30799350183,71.0,0,0,66,29
16,46,1,145800.0,0,0,15.0,0,0.0,0.0,10832.0,0.0,0,0,67,27
16,14,33,28688322.1,30,0,57.0,0,14.0,3466006.8851948604,322576.60224197,252.0,0,0,68,31
16,8,2,387718.0,0,0,11.0,0,0.0,0.0,26681.020397102544,0.0,0,0,68,46
16,44,12,9288843.5,18,0,15.0,0,13.0,950835.0058305189,421736.0005830519,106.0,0,0,70,33
16,15,27,24505857.745,24,0,43.0,0,12.0,1648528.5027894694,370570.5291670745,212.0,0,0,70,71
16,22,18,1329504.0,2,0,16.0,0,0.0,17887.54760749347,55547.04092153584,0.0,0,0,72,22
16,27,11,4577902.5,10,0,15.0,0,6.0,701450.163868425,242159.0163868425,17.0,0,0,73,39
16,13,25,42990697.81,39,0,43.0,0,11.0,17449828.763213165,687228.7359260406,453.0,0,0,73,58
16,34,16,17671084.295,22,0,16.0,0,19.0,6491173.8007197585,737905.5125674774,77.0,0,0,74,49
16,38,18,1244344.0,0,0,47.0,0,0.0,0.0,20885.24255319149,0.0,0,0,75,30
16,10,9,3496257.0,8,0,18.0,0,2.0,1071278.1986026578,140270.5165502215,4.0,0,0,77,42
16,41,36,50606107.125,50,0,57.0,0,14.0,17352963.250737082,577289.164493081,437.0,0,0,82,51
16,53,1,401039.99999999994,0,0,8.0,0,0.0,77649.79199999996,38652.835999999996,0.0,0,0,83,81
16,23,13,18014784.17,17,0,19.0,0,19.0,2339579.920099672,740140.1252710266,72.0,0,0,86,54
16,47,1,0.0,0,0,16.0,0,0.0,0.0,5000.0,0.0,0,0,88,30
16,28,9,13479958.61,15,0,12.0,0,19.0,1157640.3168667722,728729.4146083466,72.0,0,0,89,59
16,33,11,12657199.219999999,14,0,15.0,0,15.0,1441069.6072919518,641502.4607291952,46.0,0,0,90,68
17,51,1,0.0,0,0,7.0,0,0.0,0.0,5000.0,0.0,0,0,11,5
17,54,1,391860.0,0,0,7.0,0,0.0,78036.16000000003,42471.74857142857,0.0,0,0,12,69
17,50,1,159964.0,0,0,9.0,0,0.0,34354.13600060422,19725.68933343404,0.0,0,0,12,73
17,48,1,0.0,0,0,10.0,0,0.0,0.0,5000.0,0.0,0,0,12,85
17,52,1,397979.99999999994,0,0,8.0,0,0.0,79615.483648,39021.40318399999,0.0,0,0,14,47
17,21,20,37082323.925,38,0,21.0,0,15.0,3798452.8461858556,1163516.2747275613,415.0,0,0,18,70
17,18,16,27387914.625,29,0,33.0,0,4.0,4267197.169990115,722126.2349995504,312.0,0,0,20,55
17,24,9,7473444.25,10,0,15.0,0,5.0,723973.83524777,339959.38352477696,29.0,0,0,23,31
17,5,16,19518808.595,14,0,27.0,0,10.0,2029876.824799385,556721.2124888545,118.0,0,0,23,32
17,16,30,42744577.7,41,0,36.0,0,20.0,5668250.343165018,964949.805965209,466.0,0,0,23,59
17,11,17,22294897.565,24,0,18.0,0,17.0,2225007.570378972,807794.7975315809,207.0,0,0,25,58
17,9,15,19578211.56,19,0,19.0,0,11.0,2660032.4599651285,841822.9573656681,142.0,0,0,28,46
17,19,18,31258693.515,23,0,44.0,0,6.0,14527557.789024327,569504.8109894658,116.0,0,0,32,32
17,3,20,30091771.695,32,0,29.0,0,11.0,11219041.454560224,679477.9200634599,360.0,0,0,34,71
17,49,1,317855.5,0,0,11.0,0,0.0,34582.40604821505,24533.055370211143,0.0,0,0,36,71
17,30,63,66247785.44499999,75,0,129.0,0,11.0,5409398.795733497,331661.0325085291,824.0,0,0,37,49
17,31,17,22762904.0,21,0,25.0,0,17.0,2492802.001886675,604897.2201132005,204.0,0,0,38,34
17,26,13,9267841.5,14,0,21.0,0,13.0,1160320.6069769943,291173.7576412138,32.0,0,0,39,32
17,0,49,34315227.5,34,0,107.0,0,16.0,1794495.7332043126,211769.68317576137,318.0,0,0,39,61
17,36,23,27064155.195,29,0,38.0,0,13.0,2950089.257753499,483541.61543763813,290.0,0,0,42,44
17,39,27,49339358.465,45,0,59.0,0,11.0,7824378.679671265,732327.212195032,545.0,0,0,46,23
17,12,16,4095494.5,10,0,31.0,0,7.0,588144.8954858892,91852.17236222044,9.0,0,0,50,32
17,4,17,22910272.64,25,0,25.0,0,12.0,3616192.5057975426,750380.4503478524,166.0,0,0,50,76
17,25,20,35901885.644999996,33,0,18.0,0,14.0,14148122.585939065,1334951.8821615886,330.0,0,0,52,49
17,7,12,17527746.435,17,0,16.0,0,22.0,1672093.1106601115,734559.0416243855,87.0,0,0,54,25
17,1,12,15191074.205,17,0,15.0,0,7.0,1630089.8878405783,659614.4887840578,109.0,0,0,57,30
17,20,22,24764827.955,25,0,34.0,0,35.0,2390006.121484287,495026.0053596007,134.0,0,0,57,59
17,42,17,24258341.365000002,27,0,13.0,0,16.0,2057833.8451771028,1221548.3282896653,262.0,0,0,58,46
17,6,13,14224090.075,18,0,16.0,0,15.0,1420558.6582704727,597003.9367128569,83.0,0,0,58,48
17,35,14,23789223.03,21,0,15.0,0,18.0,3736925.07935765,1401860.0079357652,128.0,0,0,59,37
17,32,9,12832357.855,13,0,15.0,0,16.0,4559183.4017228335,547689.8401722834,20.0,0,0,60,40
17,43,15,13940253.26,18,0,17.0,0,12.0,4548278.192241082,536260.5757859778,58.0,0,0,61,18
17,29,20,21662638.645,23,0,32.0,0,16.0,1659976.850912882,460859.2273865414,195.0,0,0,63,66
17,40,15,9005261.5,12,0,16.0,0,8.0,576485.4538506567,460429.57379849907,55.0,0,0,63,71
17,2,15,19585217.96,21,0,14.0,0,12.0,1767064.6754836887,934386.0366589664,222.0,0,0,64,10
17,17,23,18847259.37,17,0,50.0,0,14.0,1328043.8545800261,239093.11563740068,107.0,0,0,65,30
17,37,18,23996083.745,20,0,33.0,0,16.0,8735673.951232787,481676.3159651266,126.0,0,0,66,60
17,46,1,241918.0,0,0,15.0,0,0.0,0.0,14676.72,0.0,0,0,67,27
17,14,33,22767334.5,30,0,57.0,0,14.0,7289036.554077946,281140.4356336301,252.0,0,0,68,30
17,8,2,353858.0,0,0,11.0,0,0.0,32883.20000000001,24301.345454545455,0.0,0,0,68,46
17,44,13,13995717.85,20,0,15.0,0,13.0,1086751.1423322074,602862.1142332207,134.0,0,0,70,33
17,15,28,25680588.91,24,0,46.0,0,12.0,8070536.965115787,361466.7488624714,212.0,0,0,71,71
17,22,18,1264164.0,2,0,17.0,0,0.0,9918.396820775233,50248.87815085271,0.0,0,0,72,22
17,27,12,4769076.5,10,0,15.0,0,6.0,659414.66554737,223821.06655473702,25.0,0,0,72,43
17,13,25,48425247.775,39,0,43.0,0,11.0,23350390.61528527,924187.1144866953,453.0,0,0,73,58
17,38,18,1087330.0,0,0,50.0,0,0.0,0.0,18047.96,0.0,0,0,75,30
17,34,17,20956018.755000003,24,0,16.0,0,19.0,2434482.022287905,1034269.7208394911,130.0,0,0,75,49
17,10,9,4603581.25,8,0,18.0,0,7.0,245323.7794410633,194161.98162008857,4.0,0,0,77,42
17,41,36,54592191.09,57,0,57.0,0,14.0,7433196.736294843,762317.4141130219,581.0,0,0,82,51
17,53,1,345192.99999999994,0,0,8.0,0,0.0,75477.11679999996,36713.20939999999,0.0,0,0,83,81
17,23,14,19811467.795,20,0,21.0,0,19.0,2179934.086039871,637887.0775742764,115.0,0,0,86,53
17,47,1,0.0,0,0,17.0,0,0.0,0.0,5000.0,0.0,0,0,88,30
17,28,10,14583759.899999999,18,0,12.0,0,19.0,1738035.0867467076,792070.0108433386,103.0,0,0,89,59
17,33,12,13713452.549999999,18,0,15.0,0,15.0,1538898.8629167806,611180.886291678,75.0,0,0,89,68
18,51,1,0.0,0,0,7.0,0,0.0,0.0,5000.0,0.0,0,0,11,5
18,54,1,336080.49999999994,0,0,8.0,0,0.0,71986.66399999999,36058.7495,0.0,0,0,12,69
18,50,1,385740.0,0,0,9.0,0,0.0,61205.65440024168,33006.27573337362,0.0,0,0,12,73
18,48,1,0.0,0,0,10.0,0,0.0,0.0,5000.0,0.0,0,0,12,85
18,52,1,342155.49999999994,0,0,8.0,0,0.0,75048.39345919999,36632.823773599994,0.0,0,0,14,47
18,21,20,40517033.125,42,0,23.0,0,15.0,16004714.388474345,1161056.1557700657,415.0,0,0,18,70
18,18,16,30309133.705,31,0,35.0,0,4.0,11951377.349996049,597737.1007141161,312.0,0,0,20,55
18,24,10,10577762.899999999,12,0,16.0,0,5.0,1048639.6940991078,428815.1275717913,50.0,0,0,22,31
18,5,17,21681507.115000002,17,0,29.0,0,10.0,2299408.575919755,495580.35737515974,164.0,0,0,23,32
18,16,31,47912783.015,44,0,38.0,0,20.0,4908873.34326601,851016.3161815528,572.0,0,0,23,59
18,11,18,24177583.2,28,0,18.0,0,17.0,8954216.308151588,885086.3590126323,207.0,0,0,24,58
18,9,16,22048366.735,21,0,19.0,0,11.0,2129494.677986052,785265.2377357408,190.0,0,0,27,45
18,19,18,32925537.169999998,25,0,47.0,0,6.0,5060372.983609732,610784.190966268,212.0,0,0,32,32
18,3,20,32837961.52,35,0,29.0,0,11.0,4574406.189824089,916524.1994736597,448.0,0,0,34,72
18,49,1,153340.0,0,0,11.0,0,0.0,11168.962419286021,15250.313057175366,0.0,0,0,36,71
18,31,18,25180815.09,21,0,25.0,0,17.0,2363811.836754672,669166.8102052802,257.0,0,0,37,34
18,30,63,70834655.895,83,0,129.0,0,11.0,5673811.876293398,359623.5101894581,969.0,0,0,38,49
18,26,14,10150348.5,18,0,23.0,0,13.0,3550212.642790797,300060.9332254868,32.0,0,0,39,33
18,0,49,37149733.245000005,38,0,107.0,0,16.0,1439371.5912817307,223378.85408338867,386.0,0,0,39,61
18,36,24,30954374.365000002,29,0,38.0,0,13.0,2480145.4491013996,540333.6361487395,355.0,0,0,41,44
18,39,27,53966443.76,47,0,63.0,0,11.0,6213833.975868508,593484.0232349643,668.0,0,0,46,23
18,12,17,4868009.5,10,0,31.0,0,7.0,451337.75819435576,110602.98829972689,16.0,0,0,49,32
18,4,18,26014387.86,25,0,27.0,0,12.0,9454827.146319017,663457.3414621676,166.0,0,0,50,76
18,25,20,40596585.74,35,0,18.0,0,14.0,5724348.330375627,1829823.6108646356,441.0,0,0,52,49
18,7,13,21379967.645,17,0,16.0,0,22.0,2182439.302264044,869452.2783372541,132.0,0,0,54,25
18,1,12,18362093.695,17,0,16.0,0,7.0,1643813.4331362303,754706.8843565217,147.0,0,0,56,29
18,32,10,14115582.825,16,0,15.0,0,16.0,6753236.490689132,751990.6490689133,20.0,0,0,57,39
18,6,14,17427309.27,18,0,16.0,0,15.0,5945232.17130819,711795.0473101428,83.0,0,0,57,48
18,20,23,27171955.61,28,0,36.0,0,35.0,9372104.692593716,497699.36219140474,134.0,0,0,57,59
18,35,15,25513904.165,21,0,15.0,0,18.0,10372896.697743058,1175033.169774306,128.0,0,0,58,37
18,42,18,27218831.02,31,0,13.0,0,16.0,2951425.9460708424,1356230.686085097,320.0,0,0,58,46
18,43,16,16597708.685,18,0,17.0,0,12.0,6994864.750896435,751328.9486085087,58.0,0,0,62,17
18,29,21,24539138.4,25,0,34.0,0,16.0,2022641.1003651544,467337.3279572861,245.0,0,0,62,66
18,40,15,12233415.280000001,17,0,16.0,0,8.0,4157050.2935402635,485371.27751939965,55.0,0,0,63,71
18,2,16,22369554.795,23,0,14.0,0,12.0,2087072.7881934755,1039426.5487350153,269.0,0,0,65,10
18,17,24,22042795.5,17,0,53.0,0,14.0,7965731.74183201,269575.5398631701,107.0,0,0,65,29
18,37,19,27184504.54,20,0,35.0,0,16.0,821445.2036267594,143580.68015543252,137.0,0,0,66,60
18,46,1,111940.0,0,0,15.0,0,0.0,0.0,9477.6,0.0,0,0,67,27
18,14,33,31912414.099999998,35,0,61.0,0,14.0,223423.61778766476,186085.8676505163,282.0,0,0,67,30
18,55,1,339117.99999999994,0,0,6.0,0,0.0,75987.19999999995,44911.799999999996,0.0,0,0,68,15
18,8,2,257740.0,0,0,12.0,0,0.0,0.0,19531.160000000003,0.0,0,0,68,46
18,44,14,17916881.81,20,0,15.0,0,13.0,6184068.180932885,765145.3180932881,134.0,0,0,69,33
18,15,28,27500579.560000002,28,0,49.0,0,12.0,2894576.610046316,440564.69214427494,280.0,0,0,71,71
18,22,18,1542738.0,2,0,18.0,0,0.0,38495.89206164348,56755.21322735917,0.0,0,0,72,22
18,27,12,5934621.0,12,0,16.0,0,6.0,172514.26621894818,252276.33745802636,36.0,0,0,72,45
18,13,25,52533410.1,42,0,43.0,0,11.0,27776180.286114104,1063843.7309109573,453.0,0,0,73,58
18,38,18,1125820.0,0,0,53.0,0,0.0,0.0,17745.132075471698,0.0,0,0,75,30
18,34,18,23617578.96,27,0,16.0,0,19.0,2297249.392915163,981952.2868357964,181.0,0,0,75,50
18,10,10,7055645.37,10,0,18.0,0,7.0,438332.659776425,248365.6383147021,17.0,0,0,77,42
18,41,36,58233392.345,57,0,57.0,0,14.0,22926465.632517934,696227.2534873142,581.0,0,0,83,51
18,53,1,168243.99999999997,0,0,8.0,0,0.0,48488.44671999998,23279.083759999994,0.0,0,0,83,81
18,23,15,22146597.415,20,0,23.0,0,19.0,2217697.6004159506,639605.1695923443,162.0,0,0,86,53
18,47,1,0.0,0,0,17.0,0,0.0,0.0,5000.0,0.0,0,0,88,30
18,28,11,16546634.58,20,0,13.0,0,19.0,1720477.8666986823,848907.8307729249,139.0,0,0,89,59
18,33,13,16397510.719999999,18,0,15.0,0,15.0,1443598.833166713,722456.3833166712,109.0,0,0,90,68
19,51,1,0.0,0,0,7.0,0,0.0,0.0,5000.0,0.0,0,0,11,5
19,54,1,163276.0,0,0,9.0,0,0.0,40105.0656,20684.1776,0.0,0,0,12,69
19,50,1,330005.5,0,0,9.0,0,0.0,57824.46176009672,31080.743626682775,0.0,0,0,12,73
19,48,1,0.0,0,0,10.0,0,0.0,0.0,5000.0,0.0,0,0,12,85
19,52,1,166587.99999999997,0,0,8.0,0,0.0,47654.55738367999,23122.729509439996,0.0,0,0,14,47
19,21,20,43242470.855000004,42,0,25.0,0,15.0,21825429.097389743,1426932.4458433844,415.0,0,0,18,70
19,18,16,32910667.305,31,0,35.0,0,4.0,16265192.86199842,774063.6226570752,312.0,0,0,20,55
19,24,10,13497521.11,12,0,16.0,0,5.0,1139124.321639644,550481.0301537164,78.0,0,0,22,30
19,5,18,22329546.95,21,0,29.0,0,10.0,2288712.2103679013,514564.5970879949,212.0,0,0,23,32
19,16,31,51945865.59,44,0,41.0,0,20.0,20005025.57330641,837020.5697551123,572.0,0,0,23,59
19,11,19,27646678.325,30,0,19.0,0,17.0,2954672.2782168947,1043091.7588065967,272.0,0,0,24,58
19,9,17,23648686.065,25,0,19.0,0,11.0,2622077.2971944213,819047.8129364017,241.0,0,0,27,45
19,19,18,34478453.72,25,0,50.0,0,6.0,14006615.681443896,479465.9204433168,212.0,0,0,32,32
19,3,20,37155756.265,37,0,31.0,0,11.0,4070624.9819296375,812680.5636417565,531.0,0,0,34,72
19,49,1,373500.0,0,0,11.0,0,0.0,37035.584967714385,25981.94340468833,0.0,0,0,36,71
19,31,19,28055264.560000002,23,0,25.0,0,17.0,2775960.558701869,735057.8335221122,317.0,0,0,37,34
19,26,15,16416112.614999998,18,0,23.0,0,13.0,1434990.1031163204,525860.6588988903,69.0,0,0,38,32
19,30,63,80263465.88499999,83,0,137.0,0,11.0,26986066.104517356,381367.63983048196,969.0,0,0,38,49
19,0,49,38902812.150000006,38,0,107.0,0,16.0,11060853.496512692,231217.85275485084,386.0,0,0,40,61
19,36,24,34359181.269999996,33,0,38.0,0,13.0,3434870.6876405627,586673.5797752852,427.0,0,0,41,43
19,39,27,57928427.69,47,0,67.0,0,11.0,22844179.666347407,579408.3134256881,668.0,0,0,46,23
19,12,18,5931091.0,10,0,31.0,0,7.0,1775023.5032777423,128530.87919085848,16.0,0,0,49,31
19,4,19,30992653.955,25,0,27.0,0,12.0,14089277.440527603,903832.9133626448,166.0,0,0,50,76
19,25,20,43422432.33,35,0,18.0,0,14.0,18028087.26415025,1643226.0220125208,441.0,0,0,52,50
19,7,14,22087380.43,17,0,16.0,0,22.0,8772067.892905617,915118.2399599015,132.0,0,0,53,24
19,1,12,21520848.455,19,0,17.0,0,7.0,2339959.755254492,822576.3019342199,193.0,0,0,56,29
19,32,11,16750205.27,18,0,15.0,0,16.0,2422986.7042756528,945137.6704275652,67.0,0,0,56,39
19,35,16,26568884.88,24,0,15.0,0,18.0,3991132.63109722,1482671.2631097222,203.0,0,0,57,36
19,6,15,20346254.775,21,0,16.0,0,15.0,2646304.7785232756,990930.760486557,135.0,0,0,57,48
19,42,19,29344492.75,36,0,14.0,0,16.0,11276402.478428338,1389110.801260179,320.0,0,0,58,47
19,20,24,29182580.165,32,0,36.0,0,35.0,3702673.9430374876,647578.0809598952,210.0,0,0,58,59
19,43,17,19354031.82,21,0,18.0,0,12.0,2487883.6283585727,883296.5523632145,110.0,0,0,61,17
19,29,22,25607952.295,30,0,34.0,0,16.0,2569562.358146064,492598.7069770321,299.0,0,0,62,66
19,40,15,14416050.969999999,17,0,17.0,0,8.0,694345.6277335472,544826.2318588424,83.0,0,0,63,71
19,2,17,22905185.855,29,0,14.0,0,12.0,8885898.457277391,1076096.7989940061,269.0,0,0,65,10
19,17,25,20265326.75,17,0,53.0,0,14.0,2123228.3967328034,324596.8885867775,160.0,0,0,65,29
19,14,33,35785619.47,35,0,61.0,0,14.0,10773597.235115062,359187.3090602066,282.0,0,0,66,30
19,37,20,24507495.25,23,0,35.0,0,16.0,2379191.181450704,439210.4077764587,186.0,0,0,66,60
19,46,1,145800.0,0,0,16.0,0,0.0,0.0,10467.5,0.0,0,0,67,27
19,55,1,164931.99999999997,0,0,6.0,0,0.0,57367.679999999964,29091.919999999995,0.0,0,0,68,15
19,44,15,18872639.48,24,0,15.0,0,13.0,2730678.064373154,1007268.3064373153,184.0,0,0,68,32
19,8,2,387718.0,0,0,13.0,0,0.0,0.0,22894.676923076924,0.0,0,0,68,46
19,15,28,29659696.47,32,0,49.0,0,12.0,2401549.2320185266,403623.7520005671,342.0,0,0,71,71
19,22,18,1395444.0,2,0,19.0,0,0.0,37295.067935768515,50282.31238089401,0.0,0,0,72,22
19,27,12,9680760.215,12,0,16.0,0,6.0,2725824.7924875794,374497.7930457106,36.0,0,0,72,45
19,13,25,55144862.185,47,0,43.0,0,11.0,9574021.98844564,1162037.8019225223,624.0,0,0,73,58
19,38,18,1244344.0,0,0,56.0,0,0.0,0.0,18332.257142857143,0.0,0,0,75,30
19,34,19,24716890.72,33,0,16.0,0,19.0,2771171.045166066,1018030.2542343185,234.0,0,0,75,51
19,10,11,9216429.99,10,0,18.0,0,7.0,3256277.0599105693,326825.4216592142,17.0,0,0,77,43
19,41,36,67055407.245,57,0,57.0,0,14.0,31598724.151007183,952177.6092370308,581.0,0,0,83,51
19,53,1,401039.99999999994,0,0,9.0,0,0.0,0.0,10017.471527789348,0.0,0,0,83,81
19,23,16,24465791.26,22,0,23.0,0,19.0,2545010.5441663805,701091.0137499813,215.0,0,0,86,53
19,47,1,0.0,0,0,18.0,0,0.0,0.0,5000.0,0.0,0,0,88,30
19,28,12,20353534.595,20,0,13.0,0,19.0,2164169.9846794736,1023800.5751553237,182.0,0,0,89,59
19,33,14,19932405.08,20,0,16.0,0,15.0,1850016.5652666837,806600.1467437516,151.0,0,0,90,68
20,51,1,0.0,0,0,7.0,0,0.0,0.0,5000.0,0.0,0,0,11,5
20,54,1,391860.0,0,0,9.0,0,0.0,65954.02623999998,33797.67104,0.0,0,0,12,69
20,50,1,159964.0,0,0,9.0,0,0.0,33115.384704038705,19519.230784006446,0.0,0,0,12,73
20,48,1,0.0,0,0,11.0,0,0.0,0.0,5000.0,0.0,0,0,12,85
20,52,1,397979.99999999994,0,0,8.0,0,0.0,76421.82295347197,38422.59180377599,0.0,0,0,14,47
20,21,20,49517813.46,42,0,25.0,0,15.0,26096522.022955902,1717237.8213773535,415.0,0,0,18,70
20,18,16,35220788.375,31,0,37.0,0,4.0,19120812.49479937,839907.8038432177,312.0,0,0,20,54
20,24,10,15335298.065,12,0,17.0,0,5.0,5675908.954655858,586450.2018813991,78.0,0,0,22,30
20,16,32,55343724.25,44,0,44.0,0,20.0,26945619.92932257,1032482.9521359964,572.0,0,0,22,58
20,5,19,25225244.345,21,0,31.0,0,10.0,8786997.622147162,537528.1913942174,212.0,0,0,23,32
20,11,20,31066529.630000003,30,0,19.0,0,17.0,11729520.763286754,1079353.7444700073,272.0,0,0,24,58
20,9,18,24794262.29,27,0,21.0,0,11.0,2487090.8348777704,788323.9882055548,294.0,0,0,27,45
20,19,18,36556028.925,27,0,50.0,0,6.0,18135807.842577558,611751.7352773268,212.0,0,0,32,32
20,3,20,41061803.46,37,0,31.0,0,11.0,16222106.37677186,878530.8730696058,531.0,0,0,34,72
20,31,20,28680147.830000002,28,0,27.0,0,17.0,3269863.355480753,704024.6308600415,379.0,0,0,36,34
20,49,1,317855.5,0,0,11.0,0,0.0,33296.433987085766,24357.69554369351,0.0,0,0,36,71
20,30,63,85543743.095,93,0,137.0,0,11.0,11038473.679806948,497831.2811657694,1193.0,0,0,37,49
20,26,16,20731920.4,20,0,23.0,0,13.0,1907574.201246526,583267.2305160778,112.0,0,0,38,32
20,0,49,40468210.635,45,0,107.0,0,16.0,3656550.6526050754,293948.02316736087,483.0,0,0,40,61
20,36,24,35286532.235,38,0,38.0,0,13.0,3777116.1690562256,616390.5724627457,504.0,0,0,41,43
20,39,27,60596768.465,51,0,67.0,0,11.0,9427554.252538964,752232.3713254993,838.0,0,0,46,23
20,12,18,7195182.0,13,0,33.0,0,14.0,1031450.2013110965,168094.64551414075,16.0,0,0,49,31
20,4,20,30893629.43,32,0,29.0,0,12.0,8709.213853226043,98187.20071654618,172.0,0,0,50,77
20,25,20,46123754.015,39,0,18.0,0,14.0,7246196.5116601065,2143394.709305008,572.0,0,0,52,50
20,7,15,24036768.115000002,20,0,16.0,0,22.0,3295424.4031622484,1235331.3502964606,198.0,0,0,53,24
20,1,12,21157685.235,23,0,17.0,0,7.0,2589002.9961017966,834328.6467148644,240.0,0,0,56,28
20,35,17,28653762.560000002,26,0,16.0,0,18.0,3166948.076438889,1229183.5696661458,268.0,0,0,56,35
20,32,12,20133538.185,20,0,15.0,0,16.0,2204414.955710262,907260.995571026,112.0,0,0,56,39
20,42,20,34636159.8,38,0,15.0,0,16.0,16054199.911371332,1841502.4911371332,320.0,0,0,58,47
20,6,16,21613962.82,24,0,17.0,0,15.0,2283527.0394093115,861244.7387714096,183.0,0,0,58,49
20,20,25,31183090.935000002,36,0,38.0,0,35.0,11427480.951214999,555827.8664953287,210.0,0,0,58,60
20,43,18,22909513.475,21,0,19.0,0,12.0,6781579.18119384,670249.5406205663,110.0,0,0,61,17
20,29,23,29102578.68,33,0,34.0,0,16.0,2546741.4152584225,563920.1359672835,360.0,0,0,62,67
20,40,15,18048250.205,19,0,18.0,0,8.0,1427608.3330934197,629753.1944244514,118.0,0,0,63,71
20,2,18,25601948.415,31,0,14.0,0,12.0,11705213.74891096,1483050.5802404596,269.0,0,0,64,10
20,17,26,24878647.38,17,0,56.0,0,14.0,8763595.31069312,294305.81189356575,160.0,0,0,64,29
20,14,33,38840193.64,40,0,65.0,0,14.0,16489216.350046024,462973.4542318314,282.0,0,0,66,30
20,37,21,30363865.560000002,23,0,37.0,0,16.0,11028537.696580287,535968.4876992005,186.0,0,0,66,60
20,46,1,241918.0,0,0,16.0,0,0.0,0.0,14071.925,0.0,0,0,67,27
20,44,16,21399664.69,26,0,15.0,0,13.0,1988837.1017492618,970213.7101749262,231.0,0,0,67,32
20,55,1,394919.99999999994,0,0,7.0,0,0.0,84083.07199999999,43767.51542857142,0.0,0,0,68,15
20,8,2,353858.0,0,0,13.0,0,0.0,22883.20000000001,21331.90769230769,0.0,0,0,68,46
20,15,28,32509427.8,35,0,49.0,0,12.0,2638040.812807411,432481.3514124718,408.0,0,0,71,71
20,22,18,1330104.0,2,0,21.0,0,0.0,24057.40495208511,44068.54479816482,0.0,0,0,72,22
20,27,12,11272544.424999999,14,0,17.0,0,6.0,1001912.6869950313,499060.0900289733,62.0,0,0,72,45
20,13,25,59708483.135,49,0,46.0,0,11.0,7170362.0493782535,908684.8494362474,764.0,0,0,73,58
20,38,18,1087330.0,0,0,60.0,0,0.0,0.0,15873.300000000001,0.0,0,0,75,30
20,34,20,28276752.955000002,35,0,17.0,0,19.0,419381.021613379,249984.94308353338,234.0,0,0,75,52
20,10,12,8672274.75,12,0,19.0,0,7.0,1070800.7239642274,381691.1097866496,40.0,0,0,78,43
20,41,36,71715754.755,64,0,57.0,0,14.0,11605926.562402867,1092520.8305895492,792.0,0,0,83,51
20,53,2,635312.7499999999,0,0,9.0,0,0.0,155465.09999999992,47354.18333333333,0.0,0,0,83,81
20,23,17,25642735.64,25,0,23.0,0,19.0,2815518.4736665525,740332.5091521664,271.0,0,0,86,53
20,47,1,0.0,0,0,19.0,0,0.0,0.0,5000.0,0.0,0,0,88,30
20,28,13,22257291.27,23,0,14.0,0,19.0,1842396.0251065325,801323.3241185568,218.0,0,0,88,60
20,33,15,21843670.27,24,0,16.0,0,15.0,2420229.734106673,893513.2563225006,198.0,0,0,90,68
20,56,1,0.0,0,0,6.0,0,0.0,0.0,11000.0,0.0,0,0,105,32
21,51,1,0.0,0,0,8.0,0,0.0,0.0,5000.0,0.0,0,0,11,5
21,54,1,336080.49999999994,0,0,9.0,0,0.0,62153.81049599999,31802.30174933333,0.0,0,0,12,69
21,50,1,385740.0,0,0,9.0,0,0.0,60710.153881615435,32923.69231360259,0.0,0,0,12,73
21,48,1,0.0,0,0,12.0,0,0.0,0.0,5000.0,0.0,0,0,12,85
21,52,1,342155.49999999994,0,0,8.0,0,0.0,73770.92918138881,36393.29922151039,0.0,0,0,14,47
21,18,16,38711775.4,33,0,40.0,0,4.0,21228880.15791975,872488.8184219905,312.0,0,0,19,54
21,21,20,52992410.44,46,0,25.0,0,15.0,9404092.98518236,1903134.3791109414,579.0,0,0,19,69
21,24,10,16436336.649999999,14,0,18.0,0,5.0,2361748.2418623418,742074.8534885285,122.0,0,0,22,30
21,5,20,27076900.115000002,25,0,31.0,0,10.0,3718079.09485887,699139.9562028483,283.0,0,0,22,33
21,16,32,60912573.045,44,0,47.0,0,20.0,31745642.189729035,1126593.9528636923,572.0,0,0,22,58
21,11,21,33751842.86,34,0,19.0,0,17.0,4819535.449314702,1441253.5881037922,364.0,0,0,24,57
21,9,19,28711696.61,27,0,23.0,0,11.0,2730364.9779511094,818881.411605507,355.0,0,0,27,45
21,19,18,37797790.92,29,0,50.0,0,6.0,20437574.505031027,676203.1851509308,212.0,0,0,32,32
21,3,20,44518081.54,40,0,31.0,0,11.0,6737680.166708738,1180616.5403246167,655.0,0,0,34,72
21,31,21,31711958.985,30,0,27.0,0,17.0,3086853.9361923,782373.8297884612,448.0,0,0,36,34
21,49,1,153340.0,0,0,11.0,0,0.0,10654.573594834335,15180.169126568313,0.0,0,0,36,71
21,26,17,21385944.985,25,0,23.0,0,13.0,8288352.67449861,612657.0222499094,112.0,0,0,37,31
21,30,63,92128314.15,101,0,137.0,0,11.0,9277905.131922781,456825.34815973847,1395.0,0,0,37,48
21,0,49,45764265.64,48,0,113.0,0,16.0,2878006.5170420296,267411.41394303576,573.0,0,0,40,61
21,36,24,40409021.845,38,0,41.0,0,13.0,3826720.205622487,651626.4099617983,590.0,0,0,41,43
21,39,27,65329609.01,53,0,67.0,0,11.0,7880370.305015586,674467.1336943789,989.0,0,0,46,23
21,12,19,9278262.25,13,0,35.0,0,14.0,1132268.9805244394,181737.92773676163,32.0,0,0,49,31
21,4,20,32604963.72,32,0,29.0,0,12.0,2483729.173541289,679765.6469073081,235.0,0,0,50,77
21,25,20,50224877.195,41,0,19.0,0,14.0,6059894.482664041,1819876.0117892665,689.0,0,0,52,50
21,7,16,27664963.18,20,0,16.0,0,22.0,2931195.0332649015,1166014.5343685842,259.0,0,0,53,24
21,1,12,23721484.195,23,0,17.0,0,7.0,2416134.876440719,933605.4302741811,292.0,0,0,56,28
21,32,13,20988546.325,23,0,15.0,0,16.0,2395939.5122841056,932718.4512284104,158.0,0,0,56,38
21,35,18,31014357.265,29,0,17.0,0,18.0,3499752.1365755573,1211399.0120507842,336.0,0,0,57,35
21,42,21,38190572.254999995,38,0,16.0,0,16.0,19978333.866548534,2039178.9562389248,320.0,0,0,58,47
21,6,17,24429302.495,27,0,17.0,0,15.0,2503216.8137637265,947805.7482732699,235.0,0,0,58,49
21,20,26,34781104.95,39,0,41.0,0,35.0,4486659.3604860045,681223.2083104633,301.0,0,0,58,60
21,43,19,26724754.93,24,0,19.0,0,12.0,3325523.6444775388,1063094.761406121,176.0,0,0,61,17
21,29,24,33717522.175,35,0,34.0,0,16.0,11865980.436103366,644957.5927692662,360.0,0,0,62,67
21,2,18,30886894.665,33,0,14.0,0,12.0,4340983.365564384,1830376.074881898,354.0,0,0,64,10
21,17,27,27946345.905,17,0,56.0,0,14.0,11475096.486277249,398320.7987395692,160.0,0,0,64,29
21,40,15,18244873.28,19,0,18.0,0,8.0,7004082.645237368,660749.387103114,118.0,0,0,64,72
21,14,33,41245352.55,45,0,69.0,0,14.0,5413092.560018413,507039.7295656175,396.0,0,0,66,30
21,37,22,34454194.205,23,0,40.0,0,16.0,4301222.760632116,687240.9785237043,276.0,0,0,66,60
21,46,1,111940.0,0,0,16.0,0,0.0,0.0,9197.75,0.0,0,0,67,27
21,44,17,25328049.52,26,0,15.0,0,13.0,9248179.648699706,1097675.4648699702,231.0,0,0,67,32
21,55,1,339117.99999999994,0,0,7.0,0,0.0,80620.4288,41274.37759999999,0.0,0,0,68,15
21,8,2,257740.0,0,0,13.0,0,0.0,0.0,17951.84,0.0,0,0,68,46
21,15,28,35245499.0,39,0,52.0,0,12.0,3179545.925122965,442117.7670708547,481.0,0,0,71,71
21,22,18,1608888.0,2,0,23.0,0,0.0,0.0,47598.57578135874,0.0,0,0,72,22
21,27,12,12442240.76,16,0,18.0,0,18.0,1277561.3787980126,453138.4482331677,62.0,0,0,72,45
21,13,25,63274113.1,49,0,49.0,0,11.0,25626450.05975131,867585.4099923867,764.0,0,0,73,57
21,38,18,1125820.0,0,0,64.0,0,0.0,0.0,15554.5625,0.0,0,0,75,30
21,34,21,32935320.755,38,0,17.0,0,19.0,3066875.710645348,1182224.7685863546,299.0,0,0,75,52
21,10,13,11775718.87,12,0,21.0,0,7.0,3997072.8375856904,372043.4169704065,40.0,0,0,79,44
21,53,3,336487.99999999994,2,0,9.0,0,0.0,105781.23999999999,37796.87333333332,0.0,0,0,82,82
21,41,36,76454998.78999999,70,0,61.0,0,14.0,9474200.140961148,871173.0362531429,970.0,0,0,83,51
21,23,18,28482272.689999998,28,0,23.0,0,19.0,2912961.4654666223,821464.1173130404,333.0,0,0,87,53
21,47,1,0.0,0,0,21.0,0,0.0,0.0,5000.0,0.0,0,0,88,30
21,28,14,24108969.05,23,0,14.0,0,19.0,9283156.030042615,1117201.3603617083,218.0,0,0,89,60
21,33,16,24968992.58,26,0,16.0,0,15.0,2430533.925642669,1032095.8367790002,252.0,0,0,90,67
21,56,1,0.0,0,0,7.0,0,0.0,0.0,5000.0,0.0,0,0,105,32
